запрос,кластер,кандидат_каноникал,статус,исходные_фразы
"антенный удлинитель для телевизора","ТВ-зона, питание и подсветка","/udlinitel-dlya-televizora-kak-vybrat/","есть базовый маршрут: проверить точность ответа","удлинитель для телевизора"
"битые пиксели на телевизоре","Выбор и покупка","/proverka-televizora-na-bitye-pikseli/","есть базовый маршрут: проверить точность ответа","битые пиксели телевизор"
"вк видео не видит телевизор","Каналы и файлы","/televizor-ne-vosproizvodit-video-s-fleshki/","есть базовый маршрут: проверить точность ответа","телевизор не читает видео"
"выдержит ли гипсокартон телевизор на кронштейне","Монтаж и крепления","/kak-povesit-televizor-na-gipsokarton/","есть базовый маршрут: проверить точность ответа","телевизор на гипсокартон"
"где расположить розетки за телевизором на стене","ТВ-зона, питание и подсветка","/rozetki-pod-televizor-na-stene/","есть базовый маршрут: проверить точность ответа","розетки за телевизором"
"для чего нужен сетевой фильтр для телевизора","ТВ-зона, питание и подсветка","/setevoy-filtr-ili-udlinitel-dlya-tv/","есть базовый маршрут: проверить точность ответа","сетевой фильтр для телевизора"
"днс кронштейн для телевизора на стену поворотный","Монтаж и крепления","/tipy-kronshteynov/povorotnyy/","есть базовый маршрут: проверить точность ответа","поворотный кронштейн телевизор"
"звук отстает от видео как исправить на телевизоре","Звук","/otstaet-zvuk-ot-video-na-televizore/","есть базовый маршрут: проверить точность ответа","звук отстает телевизор"
"ибп для телевизора","ТВ-зона, питание и подсветка","/bespereboynik-dlya-televizora-nuzhen-li/","есть базовый маршрут: проверить точность ответа","ибп для телевизора"
"ибп для телевизора и приставки","ТВ-зона, питание и подсветка","/bespereboynik-dlya-televizora-nuzhen-li/","есть базовый маршрут: проверить точность ответа","ибп для телевизора"
"ибп для телевизора на 220","ТВ-зона, питание и подсветка","/bespereboynik-dlya-televizora-nuzhen-li/","есть базовый маршрут: проверить точность ответа","ибп для телевизора"
"ибп для телевизора на 220 вольт","ТВ-зона, питание и подсветка","/bespereboynik-dlya-televizora-nuzhen-li/","есть базовый маршрут: проверить точность ответа","ибп для телевизора"
"ибп для телевизора на 220 вольт с розеткой купить","ТВ-зона, питание и подсветка","/bespereboynik-dlya-televizora-nuzhen-li/","есть базовый маршрут: проверить точность ответа","ибп для телевизора"
"ибп для ps5 и телевизора","ТВ-зона, питание и подсветка","/bespereboynik-dlya-televizora-nuzhen-li/","есть базовый маршрут: проверить точность ответа","ибп для телевизора"
"как включить игровой режим телевизор","Игры и изображение","/kak-nastroit-televizor-dlya-igr/","есть базовый маршрут: проверить точность ответа","телевизор игровой режим"
"как включить телевизор если пульт не работает","Язык и пульт","/ne-rabotaet-pult-ot-televizora/","есть базовый маршрут: проверить точность ответа","пульт телевизор не работает"
"как включить hdr 10 на телевизоре","Игры и изображение","/kak-vklyuchit-hdr-na-televizore/","есть базовый маршрут: проверить точность ответа","как включить hdr телевизор"
"как включить hdr на телевизоре","Игры и изображение","/kak-vklyuchit-hdr-na-televizore/","есть базовый маршрут: проверить точность ответа","как включить hdr телевизор"
"как включить hdr на телевизоре haier","Игры и изображение","/kak-vklyuchit-hdr-na-televizore/","нужна проверка модельного варианта","как включить hdr телевизор"
"как включить hdr на телевизоре hisense","Игры и изображение","/kak-vklyuchit-hdr-na-televizore/","нужна проверка модельного варианта","как включить hdr телевизор"
"как включить hdr на телевизоре lg","Игры и изображение","/kak-vklyuchit-hdr-na-televizore/","нужна проверка модельного варианта","как включить hdr телевизор"
"как включить hdr на телевизоре samsung","Игры и изображение","/kak-vklyuchit-hdr-na-televizore/","нужна проверка модельного варианта","как включить hdr телевизор"
"как включить hdr на телевизоре tcl","Игры и изображение","/kak-vklyuchit-hdr-na-televizore/","нужна проверка модельного варианта","как включить hdr телевизор"
"как включить hdr на телевизоре xiaomi","Игры и изображение","/kak-vklyuchit-hdr-na-televizore/","нужна проверка модельного варианта","как включить hdr телевизор"
"как включить miracast на телевизоре","Подключения и HDMI","/kak-podklyuchit-telefon-k-televizoru/","частичное покрытие: проверить самостоятельный интент","miracast телевизор"
"как включить vrr на телевизоре","Игры и изображение","/kak-vklyuchit-vrr-na-televizore/","есть базовый маршрут: проверить точность ответа","как включить vrr на телевизоре"
"как включить vrr на телевизоре hisense","Игры и изображение","/kak-vklyuchit-vrr-na-televizore/","нужна проверка модельного варианта","как включить vrr на телевизоре"
"как включить vrr на телевизоре lg","Игры и изображение","/kak-vklyuchit-vrr-na-televizore/","нужна проверка модельного варианта","как включить vrr на телевизоре"
"как включить vrr на телевизоре samsung","Игры и изображение","/kak-vklyuchit-vrr-na-televizore/","нужна проверка модельного варианта","как включить vrr на телевизоре"
"как включить vrr на телевизоре tcl","Игры и изображение","/kak-vklyuchit-vrr-na-televizore/","нужна проверка модельного варианта","как включить vrr на телевизоре"
"как включить vrr на телевизоре xiaomi","Игры и изображение","/kak-vklyuchit-vrr-na-televizore/","нужна проверка модельного варианта","как включить vrr на телевизоре"
"как выбрать телевизор в 2026","Выбор и покупка","/oled-ili-qled-chto-vybrat/","частичное покрытие: проверить самостоятельный интент","как выбрать телевизор"
"как выбрать телевизор в 2026 году","Выбор и покупка","/oled-ili-qled-chto-vybrat/","частичное покрытие: проверить самостоятельный интент","как выбрать телевизор"
"как выбрать телевизор в 2026 году для дома","Выбор и покупка","/oled-ili-qled-chto-vybrat/","частичное покрытие: проверить самостоятельный интент","как выбрать телевизор"
"как выбрать телевизор для дома","Выбор и покупка","/oled-ili-qled-chto-vybrat/","частичное покрытие: проверить самостоятельный интент","как выбрать телевизор"
"как выбрать телевизор для дома в 2026 году","Выбор и покупка","/oled-ili-qled-chto-vybrat/","частичное покрытие: проверить самостоятельный интент","как выбрать телевизор"
"как выбрать телевизор для дома с интернетом","Выбор и покупка","/oled-ili-qled-chto-vybrat/","частичное покрытие: проверить самостоятельный интент","как выбрать телевизор"
"как выбрать телевизор для дома с интернетом недорогой но хороший","Выбор и покупка","/oled-ili-qled-chto-vybrat/","частичное покрытие: проверить самостоятельный интент","как выбрать телевизор"
"как выбрать телевизор по размерам комнаты","Выбор и покупка","/oled-ili-qled-chto-vybrat/","частичное покрытие: проверить самостоятельный интент","как выбрать телевизор"
"как выбрать телевизор по размерам комнаты таблица диагонали","Выбор и покупка","/oled-ili-qled-chto-vybrat/","частичное покрытие: проверить самостоятельный интент","как выбрать телевизор"
"как выбрать телевизор смарт на что обратить внимание при покупке","Выбор и покупка","/oled-ili-qled-chto-vybrat/","частичное покрытие: проверить самостоятельный интент","как выбрать телевизор"
"как закрепить телевизор на гипсокартонной стене","Монтаж и крепления","/kak-povesit-televizor-na-gipsokarton/","есть базовый маршрут: проверить точность ответа","телевизор на гипсокартон"
"как измерить скорость интернета на телевизоре","Интернет и сеть","/skorost-interneta-dlya-televizora/","есть базовый маршрут: проверить точность ответа","скорость интернета для телевизора"
"как красиво спрятать провода от телевизора на стене","ТВ-зона, питание и подсветка","/kak-spryatat-provoda-ot-televizora/","есть базовый маршрут: проверить точность ответа","как спрятать провода телевизора"
"как красиво спрятать провода от телевизора на стене без штробления","ТВ-зона, питание и подсветка","/kak-spryatat-provoda-ot-televizora/","есть базовый маршрут: проверить точность ответа","как спрятать провода телевизора"
"как лучше подключить телевизор по кабелю или wifi","Интернет и сеть","/kak-podklyuchit-televizor-k-internetu/","есть базовый маршрут: проверить точность ответа","как подключить телевизор по кабелю"
"как на гипсокартон повесить телевизор с кронштейном","Монтаж и крепления","/kak-povesit-televizor-na-gipsokarton/","есть базовый маршрут: проверить точность ответа","телевизор на гипсокартон"
"как называется подсветка за телевизором","ТВ-зона, питание и подсветка","/podsvetka-za-televizorom-kakuyu-vybrat/","есть базовый маршрут: проверить точность ответа","подсветка за телевизором"
"как настроить каналы на приставке к телевизору","Каналы и файлы","/kak-nastroit-tsifrovye-kanaly-na-televizore/","есть базовый маршрут: проверить точность ответа","как настроить каналы телевизор"
"как настроить каналы телевизор","Каналы и файлы","/kak-nastroit-tsifrovye-kanaly-na-televizore/","есть базовый маршрут: проверить точность ответа","как настроить каналы телевизор"
"как настроить каналы телевизор самсунг","Каналы и файлы","/kak-nastroit-tsifrovye-kanaly-na-televizore/","нужна проверка модельного варианта","как настроить каналы телевизор"
"как настроить каналы телевизор тсл","Каналы и файлы","/kak-nastroit-tsifrovye-kanaly-na-televizore/","есть базовый маршрут: проверить точность ответа","как настроить каналы телевизор"
"как настроить каналы телевизор haier","Каналы и файлы","/kak-nastroit-tsifrovye-kanaly-na-televizore/","нужна проверка модельного варианта","как настроить каналы телевизор"
"как настроить каналы телевизор lg","Каналы и файлы","/kak-nastroit-tsifrovye-kanaly-na-televizore/","нужна проверка модельного варианта","как настроить каналы телевизор"
"как настроить каналы телевизора самсунг с пульта управления","Каналы и файлы","/kak-nastroit-tsifrovye-kanaly-na-televizore/","нужна проверка модельного варианта","как настроить каналы телевизор"
"как настроить каналы телевизора haier","Каналы и файлы","/kak-nastroit-tsifrovye-kanaly-na-televizore/","нужна проверка модельного варианта","как настроить каналы телевизор"
"как настроить каналы телевизора kivi","Каналы и файлы","/kak-nastroit-tsifrovye-kanaly-na-televizore/","нужна проверка модельного варианта","как настроить каналы телевизор"
"как настроить каналы телевизора lg","Каналы и файлы","/kak-nastroit-tsifrovye-kanaly-na-televizore/","нужна проверка модельного варианта","как настроить каналы телевизор"
"как настроить универсальный пульт для кондиционера","Язык и пульт","","вне ТВ-сценария","как настроить универсальный пульт"
"как настроить универсальный пульт для телевизора","Язык и пульт","/kak-nastroit-universalnyy-pult-dlya-televizora/","есть базовый маршрут: проверить точность ответа","как настроить универсальный пульт"
"как настроить универсальный пульт к кондиционеру","Язык и пульт","","вне ТВ-сценария","как настроить универсальный пульт"
"как настроить универсальный пульт к приставке","Язык и пульт","/kak-nastroit-universalnyy-pult-dlya-televizora/","есть базовый маршрут: проверить точность ответа","как настроить универсальный пульт"
"как настроить универсальный пульт к телевизору","Язык и пульт","/kak-nastroit-universalnyy-pult-dlya-televizora/","есть базовый маршрут: проверить точность ответа","как настроить универсальный пульт"
"как настроить универсальный пульт к телевизору dexp","Язык и пульт","/kak-nastroit-universalnyy-pult-dlya-televizora/","нужна проверка модельного варианта","как настроить универсальный пульт"
"как настроить универсальный пульт на приставку","Язык и пульт","/kak-nastroit-universalnyy-pult-dlya-televizora/","есть базовый маршрут: проверить точность ответа","как настроить универсальный пульт"
"как настроить универсальный пульт на приставку 20 каналов","Язык и пульт","/kak-nastroit-universalnyy-pult-dlya-televizora/","есть базовый маршрут: проверить точность ответа","как настроить универсальный пульт"
"как настроить универсальный пульт на телевизор","Язык и пульт","/kak-nastroit-universalnyy-pult-dlya-televizora/","есть базовый маршрут: проверить точность ответа","как настроить универсальный пульт"
"как настроить универсальный пульт от кондиционера","Язык и пульт","","вне ТВ-сценария","как настроить универсальный пульт"
"как настроить hdr на телевизоре","Игры и изображение","/kak-vklyuchit-hdr-na-televizore/","есть базовый маршрут: проверить точность ответа","как включить hdr телевизор"
"как настроить hdr на телевизоре xiaomi","Игры и изображение","/kak-vklyuchit-hdr-na-televizore/","нужна проверка модельного варианта","как включить hdr телевизор"
"как обновить телевизор","Smart TV и приложения","/kak-obnovit-televizor/","есть базовый маршрут: проверить точность ответа","как обновить телевизор"
"как обновить телевизор лджи","Smart TV и приложения","/kak-obnovit-televizor/","есть базовый маршрут: проверить точность ответа","как обновить телевизор"
"как обновить телевизор самсунг","Smart TV и приложения","/kak-obnovit-televizor/","нужна проверка модельного варианта","как обновить телевизор"
"как обновить телевизор самсунг смарт тв","Smart TV и приложения","/kak-obnovit-televizor/","нужна проверка модельного варианта","как обновить телевизор"
"как обновить телевизор сбер","Smart TV и приложения","/kak-obnovit-televizor/","есть базовый маршрут: проверить точность ответа","как обновить телевизор"
"как обновить телевизор dexp","Smart TV и приложения","/kak-obnovit-televizor/","нужна проверка модельного варианта","как обновить телевизор"
"как обновить телевизор haier","Smart TV и приложения","/kak-obnovit-televizor/","нужна проверка модельного варианта","как обновить телевизор"
"как обновить телевизор haier андроид","Smart TV и приложения","/kak-obnovit-televizor/","нужна проверка модельного варианта","как обновить телевизор"
"как обновить телевизор lg smart tv","Smart TV и приложения","/kak-obnovit-televizor/","нужна проверка модельного варианта","как обновить телевизор"
"как обновить телевизор xiaomi на андроиде","Smart TV и приложения","/kak-obnovit-televizor/","нужна проверка модельного варианта","как обновить телевизор"
"как отключить автозапуск youtube на телевизоре","Smart TV и приложения","/kak-otklyuchit-avtozapusk-na-televizore/","есть базовый маршрут: проверить точность ответа","как отключить автозапуск телевизор"
"как отключить голос в телевизоре","Язык и пульт","/kak-otklyuchit-golos-na-televizore/","есть базовый маршрут: проверить точность ответа","как отключить голос телевизор"
"как отключить голос в телевизоре лджи","Язык и пульт","/kak-otklyuchit-golos-na-televizore/","есть базовый маршрут: проверить точность ответа","как отключить голос телевизор"
"как отключить голос в телевизоре самсунг","Язык и пульт","/kak-otklyuchit-golos-na-televizore/","нужна проверка модельного варианта","как отключить голос телевизор"
"как отключить голос на телевизоре","Язык и пульт","/kak-otklyuchit-golos-na-televizore/","есть базовый маршрут: проверить точность ответа","как отключить голос телевизор"
"как отключить голос на телевизоре самсунг","Язык и пульт","/kak-otklyuchit-golos-na-televizore/","нужна проверка модельного варианта","как отключить голос телевизор"
"как отключить голос на телевизоре элджи","Язык и пульт","/kak-otklyuchit-golos-na-televizore/","есть базовый маршрут: проверить точность ответа","как отключить голос телевизор"
"как отключить голос на телевизоре lg","Язык и пульт","/kak-otklyuchit-golos-na-televizore/","нужна проверка модельного варианта","как отключить голос телевизор"
"как отключить голос телевизора","Язык и пульт","/kak-otklyuchit-golos-na-televizore/","есть базовый маршрут: проверить точность ответа","как отключить голос телевизор"
"как отключить на пульте голос на телевизоре лджи","Язык и пульт","/kak-otklyuchit-golos-na-televizore/","есть базовый маршрут: проверить точность ответа","как отключить голос телевизор"
"как отключить на пульте голос на телевизоре самсунг","Язык и пульт","/kak-otklyuchit-golos-na-televizore/","нужна проверка модельного варианта","как отключить голос телевизор"
"как отключить субтитры в окко на телевизоре","Язык и пульт","/kak-otklyuchit-subtitry-na-televizore/","есть базовый маршрут: проверить точность ответа","как отключить субтитры телевизор"
"как отключить субтитры на телевизоре","Язык и пульт","/kak-otklyuchit-subtitry-na-televizore/","есть базовый маршрут: проверить точность ответа","как отключить субтитры телевизор"
"как отключить субтитры на телевизоре лджи","Язык и пульт","/kak-otklyuchit-subtitry-na-televizore/","есть базовый маршрут: проверить точность ответа","как отключить субтитры телевизор"
"как отключить субтитры на телевизоре самсунг","Язык и пульт","/kak-otklyuchit-subtitry-na-televizore/","нужна проверка модельного варианта","как отключить субтитры телевизор"
"как отключить субтитры на телевизоре самсунг на пульте от телевизора","Язык и пульт","/kak-otklyuchit-subtitry-na-televizore/","нужна проверка модельного варианта","как отключить субтитры телевизор"
"как отключить субтитры на телевизоре haier","Язык и пульт","/kak-otklyuchit-subtitry-na-televizore/","нужна проверка модельного варианта","как отключить субтитры телевизор"
"как отключить субтитры на телевизоре haier андроид тв","Язык и пульт","/kak-otklyuchit-subtitry-na-televizore/","нужна проверка модельного варианта","как отключить субтитры телевизор"
"как отключить субтитры на телевизоре lg","Язык и пульт","/kak-otklyuchit-subtitry-na-televizore/","нужна проверка модельного варианта","как отключить субтитры телевизор"
"как отключить субтитры на телевизоре lg на пульте управления","Язык и пульт","/kak-otklyuchit-subtitry-na-televizore/","нужна проверка модельного варианта","как отключить субтитры телевизор"
"как отключить субтитры на телевизоре tcl","Язык и пульт","/kak-otklyuchit-subtitry-na-televizore/","нужна проверка модельного варианта","как отключить субтитры телевизор"
"как оформить тв зону","ТВ-зона, питание и подсветка","/televizor-na-stene/","частичное покрытие: проверить самостоятельный интент","как оформить тв зону"
"как оформить тв зону в гостиной","ТВ-зона, питание и подсветка","/televizor-na-stene/","частичное покрытие: проверить самостоятельный интент","как оформить тв зону"
"как оформить тв зону в гостиной в современном","ТВ-зона, питание и подсветка","/televizor-na-stene/","частичное покрытие: проверить самостоятельный интент","как оформить тв зону"
"как оформить тв зону в гостиной в современном стиле","ТВ-зона, питание и подсветка","/televizor-na-stene/","частичное покрытие: проверить самостоятельный интент","как оформить тв зону"
"как оформить тв зону в гостиной в современном стиле реальные фото","ТВ-зона, питание и подсветка","/televizor-na-stene/","частичное покрытие: проверить самостоятельный интент","как оформить тв зону"
"как оформить тв зону в гостиной реальные фото","ТВ-зона, питание и подсветка","/televizor-na-stene/","частичное покрытие: проверить самостоятельный интент","как оформить тв зону"
"как оформить тв зону в зале","ТВ-зона, питание и подсветка","/televizor-na-stene/","частичное покрытие: проверить самостоятельный интент","как оформить тв зону"
"как оформить тв зону в спальне","ТВ-зона, питание и подсветка","/televizor-na-stene/","частичное покрытие: проверить самостоятельный интент","как оформить тв зону"
"как оформить тв зону в спальне реальные фото","ТВ-зона, питание и подсветка","/televizor-na-stene/","частичное покрытие: проверить самостоятельный интент","как оформить тв зону"
"как оформить тв зону на кухне","ТВ-зона, питание и подсветка","/televizor-na-stene/","частичное покрытие: проверить самостоятельный интент","как оформить тв зону"
"как очистить память телевизора","Smart TV и приложения","/kak-ochistit-pamyat-televizora/","есть базовый маршрут: проверить точность ответа","как очистить память телевизора"
"как очистить память телевизора самсунг","Smart TV и приложения","/kak-ochistit-pamyat-televizora/","нужна проверка модельного варианта","как очистить память телевизора"
"как очистить память телевизора самсунг смарт тв","Smart TV и приложения","/kak-ochistit-pamyat-televizora/","нужна проверка модельного варианта","как очистить память телевизора"
"как очистить память телевизора сони","Smart TV и приложения","/kak-ochistit-pamyat-televizora/","нужна проверка модельного варианта","как очистить память телевизора"
"как очистить память телевизора dexp","Smart TV и приложения","/kak-ochistit-pamyat-televizora/","нужна проверка модельного варианта","как очистить память телевизора"
"как очистить память телевизора haier","Smart TV и приложения","/kak-ochistit-pamyat-televizora/","нужна проверка модельного варианта","как очистить память телевизора"
"как очистить память телевизора lg","Smart TV и приложения","/kak-ochistit-pamyat-televizora/","нужна проверка модельного варианта","как очистить память телевизора"
"как очистить память телевизора lg smart tv","Smart TV и приложения","/kak-ochistit-pamyat-televizora/","нужна проверка модельного варианта","как очистить память телевизора"
"как очистить память телевизора lg smart tv webos","Smart TV и приложения","/kak-ochistit-pamyat-televizora/","нужна проверка модельного варианта","как очистить память телевизора"
"как очистить память телевизора xiaomi","Smart TV и приложения","/kak-ochistit-pamyat-televizora/","нужна проверка модельного варианта","как очистить память телевизора"
"как перевозить телевизор","Выбор и покупка","/kak-perevozit-televizor/","есть базовый маршрут: проверить точность ответа","как перевозить телевизор"
"как перевозить телевизор 65 дюймов","Выбор и покупка","/kak-perevozit-televizor/","есть базовый маршрут: проверить точность ответа","как перевозить телевизор"
"как перевозить телевизор 75 дюймов","Выбор и покупка","/kak-perevozit-televizor/","есть базовый маршрут: проверить точность ответа","как перевозить телевизор"
"как перевозить телевизор без коробки","Выбор и покупка","/kak-perevozit-televizor/","есть базовый маршрут: проверить точность ответа","как перевозить телевизор"
"как перевозить телевизор без коробки при переезде","Выбор и покупка","/kak-perevozit-televizor/","есть базовый маршрут: проверить точность ответа","как перевозить телевизор"
"как перевозить телевизор в машине","Выбор и покупка","/kak-perevozit-televizor/","есть базовый маршрут: проверить точность ответа","как перевозить телевизор"
"как перевозить телевизор в машине без упаковки","Выбор и покупка","/kak-perevozit-televizor/","есть базовый маршрут: проверить точность ответа","как перевозить телевизор"
"как перевозить телевизор в машине в упаковке","Выбор и покупка","/kak-perevozit-televizor/","есть базовый маршрут: проверить точность ответа","как перевозить телевизор"
"как перевозить телевизор в самолете","Выбор и покупка","/kak-perevozit-televizor/","есть базовый маршрут: проверить точность ответа","как перевозить телевизор"
"как повесить телевизор","Монтаж и крепления","/kak-povesit-televizor-na-stenu/","есть базовый маршрут: проверить точность ответа","как повесить телевизор"
"как повесить телевизор на гипсокартон","Монтаж и крепления","/kak-povesit-televizor-na-stenu/","есть базовый маршрут: проверить точность ответа","как повесить телевизор | телевизор на гипсокартон"
"как повесить телевизор на гипсокартонную стену","Монтаж и крепления","/kak-povesit-televizor-na-stenu/","есть базовый маршрут: проверить точность ответа","как повесить телевизор"
"как повесить телевизор на гипсокартонную стену с кронштейном","Монтаж и крепления","/kak-povesit-televizor-na-stenu/","есть базовый маршрут: проверить точность ответа","как повесить телевизор"
"как повесить телевизор на кронштейн","Монтаж и крепления","/kak-povesit-televizor-na-stenu/","есть базовый маршрут: проверить точность ответа","как повесить телевизор"
"как повесить телевизор на кронштейн на стену","Монтаж и крепления","/kak-povesit-televizor-na-stenu/","есть базовый маршрут: проверить точность ответа","как повесить телевизор"
"как повесить телевизор на кронштейн поворотный к стене","Монтаж и крепления","/tipy-kronshteynov/povorotnyy/","есть базовый маршрут: проверить точность ответа","поворотный кронштейн телевизор"
"как повесить телевизор на стену без кронштейна","Монтаж и крепления","/kak-povesit-televizor-na-stenu/","есть базовый маршрут: проверить точность ответа","как повесить телевизор"
"как повесить телевизор на стену без кронштейна своими руками","Монтаж и крепления","/kak-povesit-televizor-na-stenu/","есть базовый маршрут: проверить точность ответа","как повесить телевизор"
"как повесить телевизор на стену из гипсокартона","Монтаж и крепления","/kak-povesit-televizor-na-stenu/","есть базовый маршрут: проверить точность ответа","как повесить телевизор | телевизор на гипсокартон"
"как повесить телевизор на стену с кронштейном","Монтаж и крепления","/kak-povesit-televizor-na-stenu/","есть базовый маршрут: проверить точность ответа","как повесить телевизор"
"как подключить 2 пары наушников к телевизору","Звук","/dve-pary-naushnikov-k-televizoru/","есть базовый маршрут: проверить точность ответа","два наушника к телевизору"
"как подключить саундбар","Звук","/kak-podklyuchit-saundbar-k-televizoru/","есть базовый маршрут: проверить точность ответа","как подключить саундбар"
"как подключить саундбар к компьютеру","Звук","/kak-podklyuchit-saundbar-k-televizoru/","есть базовый маршрут: проверить точность ответа","как подключить саундбар"
"как подключить саундбар к компьютеру через hdmi","Звук","/kak-podklyuchit-saundbar-k-televizoru/","есть базовый маршрут: проверить точность ответа","как подключить саундбар"
"как подключить саундбар к пк","Звук","/kak-podklyuchit-saundbar-k-televizoru/","есть базовый маршрут: проверить точность ответа","как подключить саундбар"
"как подключить саундбар к телевизору","Звук","/kak-podklyuchit-saundbar-k-televizoru/","есть базовый маршрут: проверить точность ответа","как подключить саундбар"
"как подключить саундбар к телевизору через блютуз","Звук","/kak-podklyuchit-saundbar-k-televizoru/","есть базовый маршрут: проверить точность ответа","как подключить саундбар"
"как подключить саундбар к телевизору через оптический кабель","Звук","/kak-podklyuchit-saundbar-k-televizoru/","есть базовый маршрут: проверить точность ответа","как подключить саундбар"
"как подключить саундбар к телевизору через hdmi","Звук","/kak-podklyuchit-saundbar-k-televizoru/","есть базовый маршрут: проверить точность ответа","как подключить саундбар"
"как подключить саундбар к телевизору через hdmi кабель","Звук","/kak-podklyuchit-saundbar-k-televizoru/","есть базовый маршрут: проверить точность ответа","как подключить саундбар"
"как подключить саундбар ксиоми к телевизору ксиоми","Звук","/kak-podklyuchit-saundbar-k-televizoru/","есть базовый маршрут: проверить точность ответа","как подключить саундбар"
"как подключить смарт телевизор к роутеру по кабелю","Интернет и сеть","/kak-podklyuchit-televizor-k-internetu/","есть базовый маршрут: проверить точность ответа","как подключить телевизор по кабелю"
"как подключить телевизор к дом ру по кабелю","Интернет и сеть","/kak-podklyuchit-televizor-k-internetu/","есть базовый маршрут: проверить точность ответа","как подключить телевизор по кабелю"
"как подключить телевизор к интернету по кабелю","Интернет и сеть","/kak-podklyuchit-televizor-k-internetu/","есть базовый маршрут: проверить точность ответа","как подключить телевизор по кабелю"
"как подключить телевизор к интернету через роутер по кабелю","Интернет и сеть","/kak-podklyuchit-televizor-k-internetu/","есть базовый маршрут: проверить точность ответа","как подключить телевизор по кабелю"
"как подключить телевизор к компьютеру вместо монитора по кабелю","Интернет и сеть","/kak-podklyuchit-televizor-k-internetu/","есть базовый маршрут: проверить точность ответа","как подключить телевизор по кабелю"
"как подключить телевизор к компьютеру вместо монитора по кабелю hdmi","Интернет и сеть","/kak-podklyuchit-televizor-k-internetu/","есть базовый маршрут: проверить точность ответа","как подключить телевизор по кабелю"
"как подключить телевизор к сети интернет по кабелю от роутера","Интернет и сеть","/kak-podklyuchit-televizor-k-internetu/","есть базовый маршрут: проверить точность ответа","как подключить телевизор по кабелю"
"как подключить телевизор к яндекс станции","Звук","/kak-podklyuchit-televizor-k-alise/","есть базовый маршрут: проверить точность ответа","как подключить телевизор к яндекс станции"
"как подключить телевизор к яндекс станции 3","Звук","/kak-podklyuchit-televizor-k-alise/","есть базовый маршрут: проверить точность ответа","как подключить телевизор к яндекс станции"
"как подключить телевизор к яндекс станции алиса","Звук","/kak-podklyuchit-televizor-k-alise/","есть базовый маршрут: проверить точность ответа","как подключить телевизор к яндекс станции"
"как подключить телевизор к яндекс станции алиса миди","Звук","/kak-podklyuchit-televizor-k-alise/","есть базовый маршрут: проверить точность ответа","как подключить телевизор к яндекс станции"
"как подключить телевизор к яндекс станции лайт 2","Звук","/kak-podklyuchit-televizor-k-alise/","есть базовый маршрут: проверить точность ответа","как подключить телевизор к яндекс станции"
"как подключить телевизор к яндекс станции макс","Звук","/kak-podklyuchit-televizor-k-alise/","есть базовый маршрут: проверить точность ответа","как подключить телевизор к яндекс станции"
"как подключить телевизор к яндекс станции миди","Звук","/kak-podklyuchit-televizor-k-alise/","есть базовый маршрут: проверить точность ответа","как подключить телевизор к яндекс станции"
"как подключить телевизор к яндекс станции мини с алисой через wifi","Звук","/kak-podklyuchit-televizor-k-alise/","есть базовый маршрут: проверить точность ответа","как подключить телевизор к яндекс станции"
"как подключить телевизор по кабелю","Интернет и сеть","/kak-podklyuchit-televizor-k-internetu/","есть базовый маршрут: проверить точность ответа","как подключить телевизор по кабелю"
"как подключить телевизор через роутер по кабелю","Интернет и сеть","/kak-podklyuchit-televizor-k-internetu/","есть базовый маршрут: проверить точность ответа","как подключить телевизор по кабелю"
"как подключить телевизор hisense к алисе яндекс станции","Звук","/kak-podklyuchit-televizor-k-alise/","нужна проверка модельного варианта","как подключить телевизор к яндекс станции"
"как подключить телевизор tcl к алисе яндекс станции","Звук","/kak-podklyuchit-televizor-k-alise/","нужна проверка модельного варианта","как подключить телевизор к яндекс станции"
"как подключить телефон к телевизору айфон","Подключения и HDMI","/kak-podklyuchit-telefon-k-televizoru/","есть базовый маршрут: проверить точность ответа","как подключить телефон к телевизору"
"как подключить телефон к телевизору для просмотра фильмов с интернета","Подключения и HDMI","/kak-podklyuchit-telefon-k-televizoru/","есть базовый маршрут: проверить точность ответа","как подключить телефон к телевизору"
"как подключить телефон к телевизору для просмотра фильмов через провод","Подключения и HDMI","/kak-podklyuchit-telefon-k-televizoru/","есть базовый маршрут: проверить точность ответа","как подключить телефон к телевизору"
"как подключить телефон к телевизору для просмотра через wifi","Подключения и HDMI","/kak-podklyuchit-telefon-k-televizoru/","есть базовый маршрут: проверить точность ответа","как подключить телефон к телевизору"
"как подключить телефон к телевизору через блютуз андроид","Подключения и HDMI","/kak-podklyuchit-telefon-k-televizoru/","есть базовый маршрут: проверить точность ответа","как подключить телефон к телевизору"
"как подключить телефон к телевизору через вай фай","Подключения и HDMI","/kak-podklyuchit-telefon-k-televizoru/","есть базовый маршрут: проверить точность ответа","как подключить телефон к телевизору"
"как подключить телефон к телевизору через hdmi","Подключения и HDMI","/kak-podklyuchit-telefon-k-televizoru/","есть базовый маршрут: проверить точность ответа","как подключить телефон к телевизору"
"как подключить телефон к телевизору через usb","Подключения и HDMI","/kak-podklyuchit-telefon-k-televizoru/","есть базовый маршрут: проверить точность ответа","как подключить телефон к телевизору"
"как подключить телефон к телевизору через usb кабель","Подключения и HDMI","/kak-podklyuchit-telefon-k-televizoru/","есть базовый маршрут: проверить точность ответа","как подключить телефон к телевизору"
"как подключить телефон к телевизору dexp","Подключения и HDMI","/kak-podklyuchit-telefon-k-televizoru/","нужна проверка модельного варианта","как подключить телефон к телевизору"
"как подключить cam модуль к телевизору","Каналы и файлы","/cam-modul-dlya-televizora/","есть базовый маршрут: проверить точность ответа","cam модуль телевизор"
"как поменять язык в телевизоре","Язык и пульт","/kak-pomenyat-yazyk-zvuka-na-televizore/","есть базовый маршрут: проверить точность ответа","как поменять язык телевизор"
"как поменять язык в телевизоре lg","Язык и пульт","/kak-pomenyat-yazyk-zvuka-na-televizore/","нужна проверка модельного варианта","как поменять язык телевизор"
"как поменять язык на клавиатуре на телевизоре","Язык и пульт","/kak-pomenyat-yazyk-zvuka-na-televizore/","есть базовый маршрут: проверить точность ответа","как поменять язык телевизор"
"как поменять язык на клавиатуре телевизора","Язык и пульт","/kak-pomenyat-yazyk-zvuka-na-televizore/","есть базовый маршрут: проверить точность ответа","как поменять язык телевизор"
"как поменять язык на телевизоре","Язык и пульт","/kak-pomenyat-yazyk-zvuka-na-televizore/","есть базовый маршрут: проверить точность ответа","как поменять язык телевизор"
"как поменять язык на телевизоре самсунг","Язык и пульт","/kak-pomenyat-yazyk-zvuka-na-televizore/","нужна проверка модельного варианта","как поменять язык телевизор"
"как поменять язык на телевизоре сони","Язык и пульт","/kak-pomenyat-yazyk-zvuka-na-televizore/","нужна проверка модельного варианта","как поменять язык телевизор"
"как поменять язык на телевизоре lg","Язык и пульт","/kak-pomenyat-yazyk-zvuka-na-televizore/","нужна проверка модельного варианта","как поменять язык телевизор"
"как поменять язык на телевизоре lg с английского на русский","Язык и пульт","/kak-pomenyat-yazyk-zvuka-na-televizore/","нужна проверка модельного варианта","как поменять язык телевизор"
"как поменять язык на телевизоре philips","Язык и пульт","/kak-pomenyat-yazyk-zvuka-na-televizore/","нужна проверка модельного варианта","как поменять язык телевизор"
"как правильно перевозить телевизор в машине в коробке","Выбор и покупка","/kak-perevozit-televizor/","есть базовый маршрут: проверить точность ответа","как перевозить телевизор"
"как проверить скорость интернета на телевизоре","Интернет и сеть","/skorost-interneta-dlya-televizora/","есть базовый маршрут: проверить точность ответа","скорость интернета для телевизора"
"как проверить скорость интернета ростелеком на телевизоре","Интернет и сеть","/skorost-interneta-dlya-televizora/","есть базовый маршрут: проверить точность ответа","скорость интернета для телевизора"
"как проверить телевизор","Выбор и покупка","/proverka-televizora-pered-pokupkoy/","есть базовый маршрут: проверить точность ответа","как проверить телевизор"
"как проверить телевизор в пункте выдачи","Выбор и покупка","/proverka-televizora-pered-pokupkoy/","есть базовый маршрут: проверить точность ответа","как проверить телевизор | телевизор в пункте выдачи"
"как проверить телевизор в пункте выдачи вайлдберриз","Выбор и покупка","/kak-proverit-televizor-v-punkte-vydachi/","есть базовый маршрут: проверить точность ответа","телевизор в пункте выдачи"
"как проверить телевизор в пункте выдачи валберис","Выбор и покупка","/proverka-televizora-pered-pokupkoy/","есть базовый маршрут: проверить точность ответа","как проверить телевизор | телевизор в пункте выдачи"
"как проверить телевизор в пункте выдачи озон","Выбор и покупка","/proverka-televizora-pered-pokupkoy/","есть базовый маршрут: проверить точность ответа","как проверить телевизор | телевизор в пункте выдачи"
"как проверить телевизор на битые пиксели","Выбор и покупка","/proverka-televizora-pered-pokupkoy/","есть базовый маршрут: проверить точность ответа","как проверить телевизор | битые пиксели телевизор"
"как проверить телевизор на битые пиксели в домашних условиях","Выбор и покупка","/proverka-televizora-pered-pokupkoy/","есть базовый маршрут: проверить точность ответа","как проверить телевизор"
"как проверить телевизор на битые пиксели при покупке в магазине","Выбор и покупка","/proverka-televizora-pered-pokupkoy/","есть базовый маршрут: проверить точность ответа","как проверить телевизор"
"как проверить телевизор на озоне в пункте выдачи","Выбор и покупка","/proverka-televizora-pered-pokupkoy/","есть базовый маршрут: проверить точность ответа","как проверить телевизор | телевизор в пункте выдачи"
"как проверить телевизор при покупке","Выбор и покупка","/proverka-televizora-pered-pokupkoy/","есть базовый маршрут: проверить точность ответа","как проверить телевизор"
"как проверить телевизор при покупке на вайлдберриз","Выбор и покупка","/proverka-televizora-pered-pokupkoy/","есть базовый маршрут: проверить точность ответа","как проверить телевизор"
"как сбросить телевизор дексп до заводских настроек","Smart TV и приложения","/kak-sbrosit-televizor-do-zavodskih-nastroek/","нужна проверка модельного варианта","как сбросить телевизор"
"как сбросить телевизор до заводских настроек","Smart TV и приложения","/kak-sbrosit-televizor-do-zavodskih-nastroek/","есть базовый маршрут: проверить точность ответа","как сбросить телевизор"
"как сбросить телевизор до заводских настроек без пульта","Smart TV и приложения","/kak-sbrosit-televizor-do-zavodskih-nastroek/","есть базовый маршрут: проверить точность ответа","как сбросить телевизор"
"как сбросить телевизор самсунг до заводских настроек","Smart TV и приложения","/kak-sbrosit-televizor-do-zavodskih-nastroek/","нужна проверка модельного варианта","как сбросить телевизор"
"как сбросить телевизор хаер до заводских настроек","Smart TV и приложения","/kak-sbrosit-televizor-do-zavodskih-nastroek/","нужна проверка модельного варианта","как сбросить телевизор"
"как сбросить телевизор dexp до заводских настроек","Smart TV и приложения","/kak-sbrosit-televizor-do-zavodskih-nastroek/","нужна проверка модельного варианта","как сбросить телевизор"
"как сбросить телевизор haier до заводских настроек","Smart TV и приложения","/kak-sbrosit-televizor-do-zavodskih-nastroek/","нужна проверка модельного варианта","как сбросить телевизор"
"как сбросить телевизор lg до заводских настроек","Smart TV и приложения","/kak-sbrosit-televizor-do-zavodskih-nastroek/","нужна проверка модельного варианта","как сбросить телевизор"
"как сбросить телевизор tcl до заводских настроек","Smart TV и приложения","/kak-sbrosit-televizor-do-zavodskih-nastroek/","нужна проверка модельного варианта","как сбросить телевизор"
"как сбросить телевизор xiaomi до заводских настроек","Smart TV и приложения","/kak-sbrosit-televizor-do-zavodskih-nastroek/","нужна проверка модельного варианта","как сбросить телевизор"
"как спрятать провода от телевизора","ТВ-зона, питание и подсветка","/kak-spryatat-provoda-ot-televizora/","есть базовый маршрут: проверить точность ответа","как спрятать провода телевизора"
"как спрятать провода от телевизора висящего на стене","ТВ-зона, питание и подсветка","/kak-spryatat-provoda-ot-televizora/","есть базовый маршрут: проверить точность ответа","как спрятать провода телевизора"
"как спрятать провода от телевизора висящего на стене без штробления","ТВ-зона, питание и подсветка","/kak-spryatat-provoda-ot-televizora/","есть базовый маршрут: проверить точность ответа","как спрятать провода телевизора"
"как спрятать провода от телевизора и приставки","ТВ-зона, питание и подсветка","/kak-spryatat-provoda-ot-televizora/","есть базовый маршрут: проверить точность ответа","как спрятать провода телевизора"
"как спрятать провода от телевизора на стене","ТВ-зона, питание и подсветка","/kak-spryatat-provoda-ot-televizora/","есть базовый маршрут: проверить точность ответа","как спрятать провода телевизора"
"как спрятать провода от телевизора на стене без штробления красиво","ТВ-зона, питание и подсветка","/kak-spryatat-provoda-ot-televizora/","есть базовый маршрут: проверить точность ответа","как спрятать провода телевизора"
"как спрятать провода от телевизора на тумбе","ТВ-зона, питание и подсветка","/kak-spryatat-provoda-ot-televizora/","есть базовый маршрут: проверить точность ответа","как спрятать провода телевизора"
"как спрятать провода телевизора","ТВ-зона, питание и подсветка","/kak-spryatat-provoda-ot-televizora/","есть базовый маршрут: проверить точность ответа","как спрятать провода телевизора"
"как убрать рекламу на телевизоре","Smart TV и приложения","/kak-ubrat-reklamu-i-rekomendatsii-na-televizore/","есть базовый маршрут: проверить точность ответа","как убрать рекламу на телевизоре"
"как убрать рекламу на телевизоре самсунг","Smart TV и приложения","/kak-ubrat-reklamu-i-rekomendatsii-na-televizore/","нужна проверка модельного варианта","как убрать рекламу на телевизоре"
"как убрать рекламу на телевизоре самсунг с боку экрана","Smart TV и приложения","/kak-ubrat-reklamu-i-rekomendatsii-na-televizore/","нужна проверка модельного варианта","как убрать рекламу на телевизоре"
"как убрать рекламу на телевизоре сбер","Smart TV и приложения","/kak-ubrat-reklamu-i-rekomendatsii-na-televizore/","есть базовый маршрут: проверить точность ответа","как убрать рекламу на телевизоре"
"как убрать рекламу на телевизоре haier","Smart TV и приложения","/kak-ubrat-reklamu-i-rekomendatsii-na-televizore/","нужна проверка модельного варианта","как убрать рекламу на телевизоре"
"как убрать рекламу на телевизоре hisense","Smart TV и приложения","/kak-ubrat-reklamu-i-rekomendatsii-na-televizore/","нужна проверка модельного варианта","как убрать рекламу на телевизоре"
"как убрать рекламу на телевизоре lg","Smart TV и приложения","/kak-ubrat-reklamu-i-rekomendatsii-na-televizore/","нужна проверка модельного варианта","как убрать рекламу на телевизоре"
"как убрать рекламу на телевизоре lg на экране сбоку","Smart TV и приложения","/kak-ubrat-reklamu-i-rekomendatsii-na-televizore/","нужна проверка модельного варианта","как убрать рекламу на телевизоре"
"как убрать рекламу на телевизоре tcl","Smart TV и приложения","/kak-ubrat-reklamu-i-rekomendatsii-na-televizore/","нужна проверка модельного варианта","как убрать рекламу на телевизоре"
"как убрать рекламу на телевизоре xiaomi","Smart TV и приложения","/kak-ubrat-reklamu-i-rekomendatsii-na-televizore/","нужна проверка модельного варианта","как убрать рекламу на телевизоре"
"как узнать модель телевизора","Выбор и покупка","/kak-uznat-model-televizora/","есть базовый маршрут: проверить точность ответа","как узнать модель телевизора"
"как узнать модель телевизора самсунг","Выбор и покупка","/kak-uznat-model-televizora/","нужна проверка модельного варианта","как узнать модель телевизора"
"как узнать модель телевизора самсунг в настройках телевизора","Выбор и покупка","/kak-uznat-model-televizora/","нужна проверка модельного варианта","как узнать модель телевизора"
"как узнать модель телевизора dexp","Выбор и покупка","/kak-uznat-model-televizora/","нужна проверка модельного варианта","как узнать модель телевизора"
"как узнать модель телевизора haier","Выбор и покупка","/kak-uznat-model-televizora/","нужна проверка модельного варианта","как узнать модель телевизора"
"как узнать модель телевизора hisense","Выбор и покупка","/kak-uznat-model-televizora/","нужна проверка модельного варианта","как узнать модель телевизора"
"как узнать модель телевизора lg","Выбор и покупка","/kak-uznat-model-televizora/","нужна проверка модельного варианта","как узнать модель телевизора"
"как узнать модель телевизора lg в настройках телевизора","Выбор и покупка","/kak-uznat-model-televizora/","нужна проверка модельного варианта","как узнать модель телевизора"
"как узнать модель телевизора tcl","Выбор и покупка","/kak-uznat-model-televizora/","нужна проверка модельного варианта","как узнать модель телевизора"
"как узнать модель телевизора tcl в настройках","Выбор и покупка","/kak-uznat-model-televizora/","нужна проверка модельного варианта","как узнать модель телевизора"
"как установить поворотный кронштейн для телевизора","Монтаж и крепления","/tipy-kronshteynov/povorotnyy/","есть базовый маршрут: проверить точность ответа","поворотный кронштейн телевизор"
"как установить приложение зона на телевизор","Smart TV и приложения","/kak-ustanovit-prilozhenie-na-televizor/","есть базовый маршрут: проверить точность ответа","как установить приложение телевизор"
"как установить приложение зона на телевизор самсунг","Smart TV и приложения","/kak-ustanovit-prilozhenie-na-televizor/","нужна проверка модельного варианта","как установить приложение телевизор"
"как установить приложение зона на телевизор lg","Smart TV и приложения","/kak-ustanovit-prilozhenie-na-televizor/","нужна проверка модельного варианта","как установить приложение телевизор"
"как установить приложение на телевизор","Smart TV и приложения","/kak-ustanovit-prilozhenie-na-televizor/","есть базовый маршрут: проверить точность ответа","как установить приложение телевизор"
"как установить приложение на телевизор самсунг","Smart TV и приложения","/kak-ustanovit-prilozhenie-na-televizor/","нужна проверка модельного варианта","как установить приложение телевизор"
"как установить приложение на телевизор hisense","Smart TV и приложения","/kak-ustanovit-prilozhenie-na-televizor/","нужна проверка модельного варианта","как установить приложение телевизор"
"как установить приложение на телевизор lg","Smart TV и приложения","/kak-ustanovit-prilozhenie-na-televizor/","нужна проверка модельного варианта","как установить приложение телевизор"
"как установить приложение смотрим на телевизор","Smart TV и приложения","/kak-ustanovit-prilozhenie-na-televizor/","есть базовый маршрут: проверить точность ответа","как установить приложение телевизор"
"как установить приложение телевизор","Smart TV и приложения","/kak-ustanovit-prilozhenie-na-televizor/","есть базовый маршрут: проверить точность ответа","как установить приложение телевизор"
"как установить приложение zona на телевизор","Smart TV и приложения","/kak-ustanovit-prilozhenie-na-televizor/","есть базовый маршрут: проверить точность ответа","как установить приложение телевизор"
"какая скорость интернета нужна для просмотра телевизора","Интернет и сеть","/skorost-interneta-dlya-televizora/","есть базовый маршрут: проверить точность ответа","скорость интернета для телевизора"
"какая скорость интернета нужна для телевизора","Интернет и сеть","/skorost-interneta-dlya-televizora/","есть базовый маршрут: проверить точность ответа","скорость интернета для телевизора"
"какой ибп нужен для телевизора","ТВ-зона, питание и подсветка","/bespereboynik-dlya-televizora-nuzhen-li/","есть базовый маршрут: проверить точность ответа","ибп для телевизора"
"какой сетевой фильтр выбрать для телевизора","ТВ-зона, питание и подсветка","/setevoy-filtr-ili-udlinitel-dlya-tv/","есть базовый маршрут: проверить точность ответа","сетевой фильтр для телевизора"
"какой телевизор выбрать oled или qled","Выбор и покупка","/oled-ili-qled-chto-vybrat/","есть базовый маршрут: проверить точность ответа","телевизор oled qled"
"какой телевизор лучше qled или oled","Выбор и покупка","/oled-ili-qled-chto-vybrat/","есть базовый маршрут: проверить точность ответа","телевизор oled qled"
"какой формат видео для телевизора с флешки","Каналы и файлы","/kakoy-format-fleshki-nuzhen-dlya-televizora/","есть базовый маршрут: проверить точность ответа","формат флешки телевизор"
"какой формат видео нужен для телевизора с флешки","Каналы и файлы","/kakoy-format-fleshki-nuzhen-dlya-televizora/","есть базовый маршрут: проверить точность ответа","формат флешки телевизор"
"какой формат видео поддерживает телевизор с флешки","Каналы и файлы","/kakoy-format-fleshki-nuzhen-dlya-televizora/","есть базовый маршрут: проверить точность ответа","формат флешки телевизор"
"какой формат поддерживает телевизор с флешки","Каналы и файлы","/kakoy-format-fleshki-nuzhen-dlya-televizora/","есть базовый маршрут: проверить точность ответа","формат флешки телевизор"
"какой формат фильмов поддерживает телевизор с флешки","Каналы и файлы","/kakoy-format-fleshki-nuzhen-dlya-televizora/","есть базовый маршрут: проверить точность ответа","формат флешки телевизор"
"какой формат флешки для телевизора","Каналы и файлы","/kakoy-format-fleshki-nuzhen-dlya-televizora/","есть базовый маршрут: проверить точность ответа","формат флешки телевизор"
"какой формат флешки нужен для телевизора","Каналы и файлы","/kakoy-format-fleshki-nuzhen-dlya-televizora/","есть базовый маршрут: проверить точность ответа","формат флешки телевизор"
"какой формат флешки поддерживает телевизор","Каналы и файлы","/kakoy-format-fleshki-nuzhen-dlya-televizora/","есть базовый маршрут: проверить точность ответа","формат флешки телевизор"
"кронштейн для крепления саундбара к телевизору","Монтаж и крепления","/kronshteyn-dlya-saundbara-k-televizoru/","есть базовый маршрут: проверить точность ответа","кронштейн для саундбара"
"кронштейн для саундбара","Монтаж и крепления","/kronshteyn-dlya-saundbara-k-televizoru/","есть базовый маршрут: проверить точность ответа","кронштейн для саундбара"
"кронштейн для саундбара к телевизору","Монтаж и крепления","/kronshteyn-dlya-saundbara-k-televizoru/","есть базовый маршрут: проверить точность ответа","кронштейн для саундбара"
"кронштейн для саундбара к телевизору купить","Монтаж и крепления","/kronshteyn-dlya-saundbara-k-televizoru/","есть базовый маршрут: проверить точность ответа","кронштейн для саундбара"
"кронштейн для саундбара на стену","Монтаж и крепления","/kronshteyn-dlya-saundbara-k-televizoru/","есть базовый маршрут: проверить точность ответа","кронштейн для саундбара"
"кронштейн для саундбара под телевизор","Монтаж и крепления","/kronshteyn-dlya-saundbara-k-televizoru/","есть базовый маршрут: проверить точность ответа","кронштейн для саундбара"
"кронштейн для саундбара самсунг","Монтаж и крепления","/kronshteyn-dlya-saundbara-k-televizoru/","нужна проверка модельного варианта","кронштейн для саундбара"
"кронштейн для саундбара hartens sb01-49","Монтаж и крепления","/kronshteyn-dlya-saundbara-k-televizoru/","есть базовый маршрут: проверить точность ответа","кронштейн для саундбара"
"кронштейн для саундбара lg","Монтаж и крепления","/kronshteyn-dlya-saundbara-k-televizoru/","нужна проверка модельного варианта","кронштейн для саундбара"
"кронштейн для саундбара lg на стену","Монтаж и крепления","/kronshteyn-dlya-saundbara-k-televizoru/","нужна проверка модельного варианта","кронштейн для саундбара"
"кронштейн для телевизора 43 дюйма на стену","Монтаж и крепления","/kak-vybrat-kronshteyn-dlya-televizora/","есть базовый маршрут: проверить точность ответа","кронштейн для телевизора"
"кронштейн для телевизора 43 дюйма на стену поворотный","Монтаж и крепления","/tipy-kronshteynov/povorotnyy/","есть базовый маршрут: проверить точность ответа","поворотный кронштейн телевизор"
"кронштейн для телевизора 55 дюймов","Монтаж и крепления","/kak-vybrat-kronshteyn-dlya-televizora/","есть базовый маршрут: проверить точность ответа","кронштейн для телевизора"
"кронштейн для телевизора 55 дюймов на стену поворотный","Монтаж и крепления","/tipy-kronshteynov/povorotnyy/","есть базовый маршрут: проверить точность ответа","поворотный кронштейн телевизор"
"кронштейн для телевизора 65 дюймов на стену","Монтаж и крепления","/kak-vybrat-kronshteyn-dlya-televizora/","есть базовый маршрут: проверить точность ответа","кронштейн для телевизора"
"кронштейн для телевизора днс","Монтаж и крепления","/kak-vybrat-kronshteyn-dlya-televizora/","есть базовый маршрут: проверить точность ответа","кронштейн для телевизора"
"кронштейн для телевизора на стену купить","Монтаж и крепления","/kak-vybrat-kronshteyn-dlya-televizora/","есть базовый маршрут: проверить точность ответа","кронштейн для телевизора"
"кронштейн для телевизора на стену поворотный выдвижной","Монтаж и крепления","/kak-vybrat-kronshteyn-dlya-televizora/","есть базовый маршрут: проверить точность ответа","кронштейн для телевизора | поворотный кронштейн телевизор"
"кронштейн для телевизора на стену своими руками","Монтаж и крепления","/kak-vybrat-kronshteyn-dlya-televizora/","есть базовый маршрут: проверить точность ответа","кронштейн для телевизора"
"кронштейн для телевизора на стену vesa 200x200","Монтаж и крепления","/vesa/200x200/","есть базовый маршрут: проверить точность ответа","кронштейн vesa 200x200"
"кронштейн для телевизора поворотный выдвижной","Монтаж и крепления","/tipy-kronshteynov/povorotnyy/","есть базовый маршрут: проверить точность ответа","поворотный кронштейн телевизор"
"кронштейн для телевизора поворотный на стену","Монтаж и крепления","/kak-vybrat-kronshteyn-dlya-televizora/","есть базовый маршрут: проверить точность ответа","кронштейн для телевизора"
"кронштейн для телевизора потолочный","Монтаж и крепления","/kak-vybrat-kronshteyn-dlya-televizora/","есть базовый маршрут: проверить точность ответа","кронштейн для телевизора"
"кронштейн для телевизора своими руками","Монтаж и крепления","/kak-vybrat-kronshteyn-dlya-televizora/","есть базовый маршрут: проверить точность ответа","кронштейн для телевизора"
"кронштейн для телевизора vesa 200x200","Монтаж и крепления","/vesa/200x200/","есть базовый маршрут: проверить точность ответа","кронштейн vesa 200x200"
"кронштейн для телевизора vesa 300x200","Монтаж и крепления","/vesa/300x200/","есть базовый маршрут: проверить точность ответа","кронштейн vesa 300x200"
"кронштейн vesa 200x200","Монтаж и крепления","/vesa/200x200/","есть базовый маршрут: проверить точность ответа","кронштейн vesa 200x200"
"кронштейн vesa 200x200 купить","Монтаж и крепления","/vesa/200x200/","есть базовый маршрут: проверить точность ответа","кронштейн vesa 200x200"
"кронштейн vesa 300x200","Монтаж и крепления","/vesa/300x200/","есть базовый маршрут: проверить точность ответа","кронштейн vesa 300x200"
"купить ибп для телевизора","ТВ-зона, питание и подсветка","/bespereboynik-dlya-televizora-nuzhen-li/","есть базовый маршрут: проверить точность ответа","ибп для телевизора"
"купить кронштейн для телевизора на стену поворотный","Монтаж и крепления","/tipy-kronshteynov/povorotnyy/","есть базовый маршрут: проверить точность ответа","поворотный кронштейн телевизор"
"купить cam модуль для телевизора","Каналы и файлы","/cam-modul-dlya-televizora/","есть базовый маршрут: проверить точность ответа","cam модуль телевизор"
"на телевизоре звук отстает от изображения что делать","Звук","/otstaet-zvuk-ot-video-na-televizore/","есть базовый маршрут: проверить точность ответа","звук отстает телевизор"
"не работает голосовой поиск на телевизоре","Язык и пульт","/ne-rabotaet-golosovoy-poisk-na-televizore/","есть базовый маршрут: проверить точность ответа","голосовой поиск телевизор не работает"
"не работает голосовой поиск на телевизоре самсунг","Язык и пульт","/ne-rabotaet-golosovoy-poisk-na-televizore/","нужна проверка модельного варианта","голосовой поиск телевизор не работает"
"не работает голосовой поиск на телевизоре samsung","Язык и пульт","/ne-rabotaet-golosovoy-poisk-na-televizore/","нужна проверка модельного варианта","голосовой поиск телевизор не работает"
"не работает голосовой поиск на телевизоре tcl","Язык и пульт","/ne-rabotaet-golosovoy-poisk-na-televizore/","нужна проверка модельного варианта","голосовой поиск телевизор не работает"
"не работает голосовой поиск на телевизоре xiaomi с пульта","Язык и пульт","/ne-rabotaet-golosovoy-poisk-na-televizore/","нужна проверка модельного варианта","голосовой поиск телевизор не работает"
"не работает airplay на телевизоре","Подключения и HDMI","/ne-rabotaet-airplay-na-televizore/","есть базовый маршрут: проверить точность ответа","airplay не работает телевизор"
"не работает airplay на телевизоре hisense","Подключения и HDMI","/ne-rabotaet-airplay-na-televizore/","нужна проверка модельного варианта","airplay не работает телевизор"
"не работает airplay на телевизоре lg","Подключения и HDMI","/ne-rabotaet-airplay-na-televizore/","нужна проверка модельного варианта","airplay не работает телевизор"
"не работает airplay на телевизоре samsung","Подключения и HDMI","/ne-rabotaet-airplay-na-televizore/","нужна проверка модельного варианта","airplay не работает телевизор"
"ноутбук не видит телевизор по hdmi","Подключения и HDMI","/televizor-ne-vidit-noutbuk-cherez-hdmi/","есть базовый маршрут: проверить точность ответа","ноутбук не видит телевизор hdmi"
"ноутбук не видит телевизор через hdmi","Подключения и HDMI","/televizor-ne-vidit-noutbuk-cherez-hdmi/","есть базовый маршрут: проверить точность ответа","ноутбук не видит телевизор hdmi"
"ноутбук не видит телевизор через hdmi звук","Подключения и HDMI","/televizor-ne-vidit-noutbuk-cherez-hdmi/","есть базовый маршрут: проверить точность ответа","ноутбук не видит телевизор hdmi"
"ноутбук не видит телевизор через hdmi win 10","Подключения и HDMI","/televizor-ne-vidit-noutbuk-cherez-hdmi/","есть базовый маршрут: проверить точность ответа","ноутбук не видит телевизор hdmi"
"ноутбук не видит телевизор через wifi","Интернет и сеть","/televizor-ne-podklyuchaetsya-k-internetu/","есть базовый маршрут: проверить точность ответа","телевизор не видит wifi"
"нужен ли сетевой фильтр для телевизора","ТВ-зона, питание и подсветка","/setevoy-filtr-ili-udlinitel-dlya-tv/","есть базовый маршрут: проверить точность ответа","сетевой фильтр для телевизора"
"нужен ли телевизор в съемной квартире","Монтаж и крепления","/kak-povesit-televizor-bez-sverleniya/","частичное покрытие: проверить самостоятельный интент","телевизор в съемной квартире"
"пк не видит телевизор через wifi","Интернет и сеть","/televizor-ne-podklyuchaetsya-k-internetu/","есть базовый маршрут: проверить точность ответа","телевизор не видит wifi"
"повесить телевизор на гипсокартонную стену","Монтаж и крепления","/kak-povesit-televizor-na-gipsokarton/","есть базовый маршрут: проверить точность ответа","телевизор на гипсокартон"
"поворотный кронштейн для телевизора","Монтаж и крепления","/tipy-kronshteynov/povorotnyy/","есть базовый маршрут: проверить точность ответа","поворотный кронштейн телевизор"
"поворотный кронштейн для телевизора на стену","Монтаж и крепления","/tipy-kronshteynov/povorotnyy/","есть базовый маршрут: проверить точность ответа","поворотный кронштейн телевизор"
"подсветка для телевизора с синхронизацией экрана","ТВ-зона, питание и подсветка","/podsvetka-za-televizorom-kakuyu-vybrat/","есть базовый маршрут: проверить точность ответа","подсветка за телевизором"
"подсветка для телевизора lg","ТВ-зона, питание и подсветка","/podsvetka-za-televizorom-kakuyu-vybrat/","нужна проверка модельного варианта","подсветка за телевизором"
"подсветка за телевизором","ТВ-зона, питание и подсветка","/podsvetka-za-televizorom-kakuyu-vybrat/","есть базовый маршрут: проверить точность ответа","подсветка за телевизором"
"подсветка за телевизором купить","ТВ-зона, питание и подсветка","/podsvetka-za-televizorom-kakuyu-vybrat/","есть базовый маршрут: проверить точность ответа","подсветка за телевизором"
"подсветка за телевизором на стене","ТВ-зона, питание и подсветка","/podsvetka-za-televizorom-kakuyu-vybrat/","есть базовый маршрут: проверить точность ответа","подсветка за телевизором"
"подсветка за телевизором на стене светодиодной","ТВ-зона, питание и подсветка","/podsvetka-za-televizorom-kakuyu-vybrat/","есть базовый маршрут: проверить точность ответа","подсветка за телевизором"
"подсветка за телевизором на стене светодиодной лентой","ТВ-зона, питание и подсветка","/podsvetka-za-televizorom-kakuyu-vybrat/","есть базовый маршрут: проверить точность ответа","подсветка за телевизором"
"подсветка за телевизором своими руками","ТВ-зона, питание и подсветка","/podsvetka-za-televizorom-kakuyu-vybrat/","есть базовый маршрут: проверить точность ответа","подсветка за телевизором"
"подсветка за телевизором ambilight","ТВ-зона, питание и подсветка","/podsvetka-za-televizorom-kakuyu-vybrat/","есть базовый маршрут: проверить точность ответа","подсветка за телевизором"
"полка под телевизор","Монтаж и крепления","/polka-pod-televizor-na-stenu/","есть базовый маршрут: проверить точность ответа","полка под телевизор"
"полка под телевизор в гостиную в современном стиле","Монтаж и крепления","/polka-pod-televizor-na-stenu/","есть базовый маршрут: проверить точность ответа","полка под телевизор"
"полка под телевизор на стену","Монтаж и крепления","/polka-pod-televizor-na-stenu/","есть базовый маршрут: проверить точность ответа","полка под телевизор"
"полка под телевизор на стену навесная","Монтаж и крепления","/polka-pod-televizor-na-stenu/","есть базовый маршрут: проверить точность ответа","полка под телевизор"
"полка под телевизор на стену навесная в современном стиле","Монтаж и крепления","/polka-pod-televizor-na-stenu/","есть базовый маршрут: проверить точность ответа","полка под телевизор"
"полка под телевизор навесная","Монтаж и крепления","/polka-pod-televizor-na-stenu/","есть базовый маршрут: проверить точность ответа","полка под телевизор"
"полка под телевизор навесная в современном стиле","Монтаж и крепления","/polka-pod-televizor-na-stenu/","есть базовый маршрут: проверить точность ответа","полка под телевизор"
"полка под телевизор напольная","Монтаж и крепления","/polka-pod-televizor-na-stenu/","есть базовый маршрут: проверить точность ответа","полка под телевизор"
"полка под телевизор подвесная","Монтаж и крепления","/polka-pod-televizor-na-stenu/","есть базовый маршрут: проверить точность ответа","полка под телевизор"
"полка под телевизор своими руками","Монтаж и крепления","/polka-pod-televizor-na-stenu/","есть базовый маршрут: проверить точность ответа","полка под телевизор"
"почему в телевизоре звук отстает от изображения","Звук","/otstaet-zvuk-ot-video-na-televizore/","есть базовый маршрут: проверить точность ответа","звук отстает телевизор"
"почему звук отстает от видео на телевизоре","Звук","/otstaet-zvuk-ot-video-na-televizore/","есть базовый маршрут: проверить точность ответа","звук отстает телевизор"
"почему звук отстает от видео на телевизоре через интернет","Звук","/otstaet-zvuk-ot-video-na-televizore/","есть базовый маршрут: проверить точность ответа","звук отстает телевизор"
"почему изображение с ноутбука на телевизор выводится не на весь экран","Диагностика и уход","/izobrazhenie-ne-na-ves-ekran-televizora/","есть базовый маршрут: проверить точность ответа","телевизор изображение не на весь экран"
"почему когда включаешь телевизор экран черный а звук есть","Диагностика и уход","/televizor-zvuk-est-izobrazheniya-net/","есть базовый маршрут: проверить точность ответа","телевизор черный экран звук есть"
"почему на телевизоре звук отстает от изображения","Звук","/otstaet-zvuk-ot-video-na-televizore/","есть базовый маршрут: проверить точность ответа","звук отстает телевизор"
"почему не работает голосовой поиск в ютубе на телевизоре","Язык и пульт","/ne-rabotaet-golosovoy-poisk-na-televizore/","есть базовый маршрут: проверить точность ответа","голосовой поиск телевизор не работает"
"почему не работает голосовой поиск на телевизоре","Язык и пульт","/ne-rabotaet-golosovoy-poisk-na-televizore/","есть базовый маршрут: проверить точность ответа","голосовой поиск телевизор не работает"
"почему не работает airplay на телевизоре","Подключения и HDMI","/ne-rabotaet-airplay-na-televizore/","есть базовый маршрут: проверить точность ответа","airplay не работает телевизор"
"почему не работает airplay на телевизоре hisense","Подключения и HDMI","/ne-rabotaet-airplay-na-televizore/","нужна проверка модельного варианта","airplay не работает телевизор"
"почему не работает airplay на телевизоре lg","Подключения и HDMI","/ne-rabotaet-airplay-na-televizore/","нужна проверка модельного варианта","airplay не работает телевизор"
"почему не работает airplay на телевизоре samsung","Подключения и HDMI","/ne-rabotaet-airplay-na-televizore/","нужна проверка модельного варианта","airplay не работает телевизор"
"почему ноутбук не видит телевизор через hdmi","Подключения и HDMI","/televizor-ne-vidit-noutbuk-cherez-hdmi/","есть базовый маршрут: проверить точность ответа","ноутбук не видит телевизор hdmi"
"почему при трансляции с телефона на телевизор изображение не на весь экран","Диагностика и уход","/izobrazhenie-ne-na-ves-ekran-televizora/","есть базовый маршрут: проверить точность ответа","телевизор изображение не на весь экран"
"почему при трансляции с телефона на телевизор нет звука","Звук","/net-zvuka-na-televizore/","есть базовый маршрут: проверить точность ответа","телевизор нет звука"
"почему телевизор не видит 5g сеть wifi","Интернет и сеть","/televizor-ne-podklyuchaetsya-k-internetu/","есть базовый маршрут: проверить точность ответа","телевизор не видит wifi"
"почему телевизор не видит видео на флешке","Каналы и файлы","/televizor-ne-vosproizvodit-video-s-fleshki/","есть базовый маршрут: проверить точность ответа","телевизор не читает видео"
"почему телевизор не видит видеомагнитофон","Каналы и файлы","/televizor-ne-vosproizvodit-video-s-fleshki/","есть базовый маршрут: проверить точность ответа","телевизор не читает видео"
"почему телевизор не видит ноутбук через hdmi","Подключения и HDMI","/televizor-ne-vidit-noutbuk-cherez-hdmi/","есть базовый маршрут: проверить точность ответа","ноутбук не видит телевизор hdmi"
"почему телевизор не видит ноутбук через hdmi кабель","Подключения и HDMI","/televizor-ne-vidit-noutbuk-cherez-hdmi/","есть базовый маршрут: проверить точность ответа","ноутбук не видит телевизор hdmi"
"почему телевизор не показывает первые 10 каналов","Каналы и файлы","/televizor-pokazyvaet-tolko-10-kanalov-iz-20/","есть базовый маршрут: проверить точность ответа","телевизор показывает 10 каналов"
"почему телевизор не читает видео с флешки","Каналы и файлы","/televizor-ne-vosproizvodit-video-s-fleshki/","есть базовый маршрут: проверить точность ответа","телевизор не читает видео"
"почему телевизор показывает 10 каналов вместо 20","Каналы и файлы","/televizor-pokazyvaet-tolko-10-kanalov-iz-20/","есть базовый маршрут: проверить точность ответа","телевизор показывает 10 каналов"
"почему телевизор показывает только 10 каналов","Каналы и файлы","/televizor-pokazyvaet-tolko-10-kanalov-iz-20/","есть базовый маршрут: проверить точность ответа","телевизор показывает 10 каналов"
"почему телевизор работает но экран черный звук есть","Диагностика и уход","/televizor-zvuk-est-izobrazheniya-net/","есть базовый маршрут: проверить точность ответа","телевизор черный экран звук есть"
"почему телевизор с приставкой показывает только 10 каналов","Каналы и файлы","/televizor-pokazyvaet-tolko-10-kanalov-iz-20/","есть базовый маршрут: проверить точность ответа","телевизор показывает 10 каналов"
"почему телевизор теряет связь с wifi","Интернет и сеть","/televizor-teryaet-wifi/","есть базовый маршрут: проверить точность ответа","телевизор теряет wifi"
"почему телевизор теряет связь с wifi роутером","Интернет и сеть","/televizor-teryaet-wifi/","есть базовый маршрут: проверить точность ответа","телевизор теряет wifi"
"почему только 10 каналов из 20 показывает телевизор","Каналы и файлы","/televizor-pokazyvaet-tolko-10-kanalov-iz-20/","есть базовый маршрут: проверить точность ответа","телевизор показывает 10 каналов"
"почему у телевизора темный экран","Диагностика и уход","/temnyy-ekran-na-televizore/","есть базовый маршрут: проверить точность ответа","экран телевизора темный"
"почему у телевизора темный экран а звук есть","Диагностика и уход","/temnyy-ekran-na-televizore/","есть базовый маршрут: проверить точность ответа","экран телевизора темный"
"почему у телевизора темный экран и нет звука","Диагностика и уход","/temnyy-ekran-na-televizore/","есть базовый маршрут: проверить точность ответа","экран телевизора темный"
"при включении телевизора темный экран","Диагностика и уход","/temnyy-ekran-na-televizore/","есть базовый маршрут: проверить точность ответа","экран телевизора темный"
"при трансляции с телефона на телевизор нет звука","Звук","/net-zvuka-na-televizore/","есть базовый маршрут: проверить точность ответа","телевизор нет звука"
"проверить телевизор на битые пиксели","Выбор и покупка","/proverka-televizora-na-bitye-pikseli/","есть базовый маршрут: проверить точность ответа","битые пиксели телевизор"
"проверка телевизора на битые пиксели","Выбор и покупка","/proverka-televizora-na-bitye-pikseli/","есть базовый маршрут: проверить точность ответа","битые пиксели телевизор"
"проверка телевизора на битые пиксели 4k","Выбор и покупка","/proverka-televizora-na-bitye-pikseli/","есть базовый маршрут: проверить точность ответа","битые пиксели телевизор"
"проверка телевизора на битые пиксели скачать на флешку","Выбор и покупка","/proverka-televizora-na-bitye-pikseli/","есть базовый маршрут: проверить точность ответа","битые пиксели телевизор"
"программа для проверки телевизора на битые пиксели с флешки","Выбор и покупка","/proverka-televizora-na-bitye-pikseli/","есть базовый маршрут: проверить точность ответа","битые пиксели телевизор"
"пульт работает а телевизор не реагирует что делать","Язык и пульт","/ne-rabotaet-pult-ot-televizora/","есть базовый маршрут: проверить точность ответа","пульт телевизор не работает"
"разница oled и qled телевизор","Выбор и покупка","/oled-ili-qled-chto-vybrat/","есть базовый маршрут: проверить точность ответа","телевизор oled qled"
"розетки за телевизором","ТВ-зона, питание и подсветка","/rozetki-pod-televizor-na-stene/","есть базовый маршрут: проверить точность ответа","розетки за телевизором"
"розетки за телевизором высота","ТВ-зона, питание и подсветка","/rozetki-pod-televizor-na-stene/","есть базовый маршрут: проверить точность ответа","розетки за телевизором"
"розетки за телевизором на какой высоте","ТВ-зона, питание и подсветка","/rozetki-pod-televizor-na-stene/","есть базовый маршрут: проверить точность ответа","розетки за телевизором"
"розетки за телевизором на стене","ТВ-зона, питание и подсветка","/rozetki-pod-televizor-na-stene/","есть базовый маршрут: проверить точность ответа","розетки за телевизором"
"розетки за телевизором на стене высота","ТВ-зона, питание и подсветка","/rozetki-pod-televizor-na-stene/","есть базовый маршрут: проверить точность ответа","розетки за телевизором"
"розетки за телевизором на стене высота от пола","ТВ-зона, питание и подсветка","/rozetki-pod-televizor-na-stene/","есть базовый маршрут: проверить точность ответа","розетки за телевизором"
"розетки за телевизором на стене как сделать","ТВ-зона, питание и подсветка","/rozetki-pod-televizor-na-stene/","есть базовый маршрут: проверить точность ответа","розетки за телевизором"
"розетки за телевизором на стене как сделать правильно","ТВ-зона, питание и подсветка","/rozetki-pod-televizor-na-stene/","есть базовый маршрут: проверить точность ответа","розетки за телевизором"
"розетки за телевизором на стене на какой высоте","ТВ-зона, питание и подсветка","/rozetki-pod-televizor-na-stene/","есть базовый маршрут: проверить точность ответа","розетки за телевизором"
"с пульта не включается телевизор но пульт работает","Язык и пульт","/ne-rabotaet-pult-ot-televizora/","есть базовый маршрут: проверить точность ответа","пульт телевизор не работает"
"сетевой фильтр для телевизора","ТВ-зона, питание и подсветка","/setevoy-filtr-ili-udlinitel-dlya-tv/","есть базовый маршрут: проверить точность ответа","сетевой фильтр для телевизора"
"сетевой фильтр для телевизора зачем нужен","ТВ-зона, питание и подсветка","/setevoy-filtr-ili-udlinitel-dlya-tv/","есть базовый маршрут: проверить точность ответа","сетевой фильтр для телевизора"
"сетевой фильтр для телевизора купить","ТВ-зона, питание и подсветка","/setevoy-filtr-ili-udlinitel-dlya-tv/","есть базовый маршрут: проверить точность ответа","сетевой фильтр для телевизора"
"сетевой фильтр для телевизора с защитой от скачков","ТВ-зона, питание и подсветка","/setevoy-filtr-ili-udlinitel-dlya-tv/","есть базовый маршрут: проверить точность ответа","сетевой фильтр для телевизора"
"сетевой фильтр для телевизора с защитой от скачков напряжения","ТВ-зона, питание и подсветка","/setevoy-filtr-ili-udlinitel-dlya-tv/","есть базовый маршрут: проверить точность ответа","сетевой фильтр для телевизора"
"сетевой фильтр для телевизора с защитой от скачков напряжения какой выбрать","ТВ-зона, питание и подсветка","/setevoy-filtr-ili-udlinitel-dlya-tv/","есть базовый маршрут: проверить точность ответа","сетевой фильтр для телевизора"
"сетевой фильтр с защитой для телевизора","ТВ-зона, питание и подсветка","/setevoy-filtr-ili-udlinitel-dlya-tv/","есть базовый маршрут: проверить точность ответа","сетевой фильтр для телевизора"
"скачать видео для проверки телевизора на битые пиксели","Выбор и покупка","/proverka-televizora-na-bitye-pikseli/","есть базовый маршрут: проверить точность ответа","битые пиксели телевизор"
"скачать miracast на телевизор","Подключения и HDMI","/kak-podklyuchit-telefon-k-televizoru/","частичное покрытие: проверить самостоятельный интент","miracast телевизор"
"скорость интернета для 4к телевизора какая нужна","Интернет и сеть","/skorost-interneta-dlya-televizora/","есть базовый маршрут: проверить точность ответа","скорость интернета для телевизора"
"скорость интернета для телевизора","Интернет и сеть","/skorost-interneta-dlya-televizora/","есть базовый маршрут: проверить точность ответа","скорость интернета для телевизора"
"скорость интернета для телевизора смарт тв какая нужна","Интернет и сеть","/skorost-interneta-dlya-televizora/","есть базовый маршрут: проверить точность ответа","скорость интернета для телевизора"
"скорость интернета на телевизоре","Интернет и сеть","/skorost-interneta-dlya-televizora/","есть базовый маршрут: проверить точность ответа","скорость интернета для телевизора"
"скорость интернета на телевизоре меньше чем на компьютере","Интернет и сеть","/skorost-interneta-dlya-televizora/","есть базовый маршрут: проверить точность ответа","скорость интернета для телевизора"
"телевизор 120 герц","Игры и изображение","/kak-vklyuchit-120-gerts-na-televizore/","есть базовый маршрут: проверить точность ответа","телевизор 120 герц"
"телевизор 120 герц 32 дюйма","Игры и изображение","/kak-vklyuchit-120-gerts-na-televizore/","есть базовый маршрут: проверить точность ответа","телевизор 120 герц"
"телевизор 120 герц 43 дюйма","Игры и изображение","/kak-vklyuchit-120-gerts-na-televizore/","есть базовый маршрут: проверить точность ответа","телевизор 120 герц"
"телевизор 120 герц 4к","Игры и изображение","/kak-vklyuchit-120-gerts-na-televizore/","есть базовый маршрут: проверить точность ответа","телевизор 120 герц"
"телевизор 120 герц 50 дюймов","Игры и изображение","/kak-vklyuchit-120-gerts-na-televizore/","есть базовый маршрут: проверить точность ответа","телевизор 120 герц"
"телевизор 120 герц 50 дюймов 4к","Игры и изображение","/kak-vklyuchit-120-gerts-na-televizore/","есть базовый маршрут: проверить точность ответа","телевизор 120 герц"
"телевизор 120 герц 55 дюймов","Игры и изображение","/kak-vklyuchit-120-gerts-na-televizore/","есть базовый маршрут: проверить точность ответа","телевизор 120 герц"
"телевизор 120 герц 55 дюймов 4к","Игры и изображение","/kak-vklyuchit-120-gerts-na-televizore/","есть базовый маршрут: проверить точность ответа","телевизор 120 герц"
"телевизор 120 герц 65 дюймов","Игры и изображение","/kak-vklyuchit-120-gerts-na-televizore/","есть базовый маршрут: проверить точность ответа","телевизор 120 герц"
"телевизор 120 герц купить","Игры и изображение","/kak-vklyuchit-120-gerts-na-televizore/","есть базовый маршрут: проверить точность ответа","телевизор 120 герц"
"телевизор без интернета","Каналы и файлы","/kak-smotret-televizor-bez-interneta/","есть базовый маршрут: проверить точность ответа","телевизор без интернета"
"телевизор без интернета как подключить","Каналы и файлы","/kak-smotret-televizor-bez-interneta/","есть базовый маршрут: проверить точность ответа","телевизор без интернета"
"телевизор без интернета как подключить к интернету","Каналы и файлы","/kak-smotret-televizor-bez-interneta/","есть базовый маршрут: проверить точность ответа","телевизор без интернета"
"телевизор без интернета как подключить к интернету через wifi","Каналы и файлы","/kak-smotret-televizor-bez-interneta/","есть базовый маршрут: проверить точность ответа","телевизор без интернета"
"телевизор без интернета купить","Каналы и файлы","/kak-smotret-televizor-bez-interneta/","есть базовый маршрут: проверить точность ответа","телевизор без интернета"
"телевизор без интернета купить обычный","Каналы и файлы","/kak-smotret-televizor-bez-interneta/","есть базовый маршрут: проверить точность ответа","телевизор без интернета"
"телевизор без интернета на андроид","Каналы и файлы","/kak-smotret-televizor-bez-interneta/","есть базовый маршрут: проверить точность ответа","телевизор без интернета"
"телевизор без интернета на телефон","Каналы и файлы","/kak-smotret-televizor-bez-interneta/","есть базовый маршрут: проверить точность ответа","телевизор без интернета"
"телевизор без интернета на телефон скачать бесплатно","Каналы и файлы","/kak-smotret-televizor-bez-interneta/","есть базовый маршрут: проверить точность ответа","телевизор без интернета"
"телевизор без интернета скачать","Каналы и файлы","/kak-smotret-televizor-bez-interneta/","есть базовый маршрут: проверить точность ответа","телевизор без интернета"
"телевизор в углу","Монтаж и крепления","/televizor-v-uglu-komnaty/","есть базовый маршрут: проверить точность ответа","телевизор в углу"
"телевизор в углу гостиной","Монтаж и крепления","/televizor-v-uglu-komnaty/","есть базовый маршрут: проверить точность ответа","телевизор в углу"
"телевизор в углу гостиной дизайн","Монтаж и крепления","/televizor-v-uglu-komnaty/","есть базовый маршрут: проверить точность ответа","телевизор в углу"
"телевизор в углу гостиной дизайн фото","Монтаж и крепления","/televizor-v-uglu-komnaty/","есть базовый маршрут: проверить точность ответа","телевизор в углу"
"телевизор в углу гостиной дизайн фото современная","Монтаж и крепления","/televizor-v-uglu-komnaty/","есть базовый маршрут: проверить точность ответа","телевизор в углу"
"телевизор в углу комнаты","Монтаж и крепления","/televizor-v-uglu-komnaty/","есть базовый маршрут: проверить точность ответа","телевизор в углу"
"телевизор в углу кухни","Монтаж и крепления","/televizor-v-uglu-komnaty/","есть базовый маршрут: проверить точность ответа","телевизор в углу"
"телевизор в углу на кронштейне","Монтаж и крепления","/televizor-v-uglu-komnaty/","есть базовый маршрут: проверить точность ответа","телевизор в углу"
"телевизор в углу на кухне","Монтаж и крепления","/televizor-v-uglu-komnaty/","есть базовый маршрут: проверить точность ответа","телевизор в углу"
"телевизор в углу спальни","Монтаж и крепления","/televizor-v-uglu-komnaty/","есть базовый маршрут: проверить точность ответа","телевизор в углу"
"телевизор дексп подключен к вайфаю но нет интернета","Интернет и сеть","/televizor-podklyuchen-k-wifi-no-net-interneta/","нужна проверка модельного варианта","телевизор подключен без интернета"
"телевизор для кухни","Выбор и покупка","/na-kakoy-vysote-veshat-televizor/","частичное покрытие: проверить самостоятельный интент","телевизор для кухни"
"телевизор для кухни 24 дюйма","Выбор и покупка","/na-kakoy-vysote-veshat-televizor/","частичное покрытие: проверить самостоятельный интент","телевизор для кухни"
"телевизор для кухни 24 дюйма какой лучше","Выбор и покупка","/na-kakoy-vysote-veshat-televizor/","частичное покрытие: проверить самостоятельный интент","телевизор для кухни"
"телевизор для кухни какая диагональ","Выбор и покупка","/na-kakoy-vysote-veshat-televizor/","частичное покрытие: проверить самостоятельный интент","телевизор для кухни"
"телевизор для кухни какая диагональ лучше","Выбор и покупка","/na-kakoy-vysote-veshat-televizor/","частичное покрытие: проверить самостоятельный интент","телевизор для кухни"
"телевизор для кухни какой выбрать","Выбор и покупка","/na-kakoy-vysote-veshat-televizor/","частичное покрытие: проверить самостоятельный интент","телевизор для кухни"
"телевизор для кухни купить","Выбор и покупка","/na-kakoy-vysote-veshat-televizor/","частичное покрытие: проверить самостоятельный интент","телевизор для кухни"
"телевизор для кухни маленький","Выбор и покупка","/na-kakoy-vysote-veshat-televizor/","частичное покрытие: проверить самостоятельный интент","телевизор для кухни"
"телевизор для кухни маленький 14-16 дюймов","Выбор и покупка","/na-kakoy-vysote-veshat-televizor/","частичное покрытие: проверить самостоятельный интент","телевизор для кухни"
"телевизор для кухни маленький до 20 дюймов","Выбор и покупка","/na-kakoy-vysote-veshat-televizor/","частичное покрытие: проверить самостоятельный интент","телевизор для кухни"
"телевизор для ps5","Выбор и покупка","/kak-nastroit-televizor-dlya-igr/","частичное покрытие: проверить самостоятельный интент","телевизор для ps5"
"телевизор для ps5 120 гц","Выбор и покупка","/kak-nastroit-televizor-dlya-igr/","частичное покрытие: проверить самостоятельный интент","телевизор для ps5"
"телевизор для ps5 2026","Выбор и покупка","/kak-nastroit-televizor-dlya-igr/","частичное покрытие: проверить самостоятельный интент","телевизор для ps5"
"телевизор для ps5 бюджетный","Выбор и покупка","/kak-nastroit-televizor-dlya-igr/","частичное покрытие: проверить самостоятельный интент","телевизор для ps5"
"телевизор для ps5 какой купить","Выбор и покупка","/kak-nastroit-televizor-dlya-igr/","частичное покрытие: проверить самостоятельный интент","телевизор для ps5"
"телевизор для ps5 какой купить лучше","Выбор и покупка","/kak-nastroit-televizor-dlya-igr/","частичное покрытие: проверить самостоятельный интент","телевизор для ps5"
"телевизор для ps5 pro","Выбор и покупка","/kak-nastroit-televizor-dlya-igr/","частичное покрытие: проверить самостоятельный интент","телевизор для ps5"
"телевизор для ps5 pro какой купить","Выбор и покупка","/kak-nastroit-televizor-dlya-igr/","частичное покрытие: проверить самостоятельный интент","телевизор для ps5"
"телевизор для ps5 pro какой нужен","Выбор и покупка","/kak-nastroit-televizor-dlya-igr/","частичное покрытие: проверить самостоятельный интент","телевизор для ps5"
"телевизор для ps5 slim","Выбор и покупка","/kak-nastroit-televizor-dlya-igr/","частичное покрытие: проверить самостоятельный интент","телевизор для ps5"
"телевизор ксиаоми не работает пульт","Язык и пульт","/ne-rabotaet-pult-ot-televizora/","есть базовый маршрут: проверить точность ответа","пульт телевизор не работает"
"телевизор лджи нет звука","Звук","/net-zvuka-na-televizore/","есть базовый маршрут: проверить точность ответа","телевизор нет звука"
"телевизор на гипсокартон","Монтаж и крепления","/kak-povesit-televizor-na-gipsokarton/","есть базовый маршрут: проверить точность ответа","телевизор на гипсокартон"
"телевизор на гипсокартон без закладных","Монтаж и крепления","/kak-povesit-televizor-na-gipsokarton/","есть базовый маршрут: проверить точность ответа","телевизор на гипсокартон"
"телевизор на гипсокартонной стене","Монтаж и крепления","/kak-povesit-televizor-na-gipsokarton/","есть базовый маршрут: проверить точность ответа","телевизор на гипсокартон"
"телевизор на гипсокартонной стене как повесить","Монтаж и крепления","/kak-povesit-televizor-na-gipsokarton/","есть базовый маршрут: проверить точность ответа","телевизор на гипсокартон"
"телевизор не видит 5 ггц сеть wifi","Интернет и сеть","/tv-ne-vidit-wifi-5ghz/","есть базовый маршрут: проверить точность ответа","телевизор не видит wifi 5 ггц"
"телевизор не видит видео на флешке","Каналы и файлы","/televizor-ne-vosproizvodit-video-s-fleshki/","есть базовый маршрут: проверить точность ответа","телевизор не читает видео"
"телевизор не видит видео с флешки","Каналы и файлы","/televizor-ne-vosproizvodit-video-s-fleshki/","есть базовый маршрут: проверить точность ответа","телевизор не читает видео"
"телевизор не видит ноутбук через hdmi","Подключения и HDMI","/televizor-ne-vidit-noutbuk-cherez-hdmi/","есть базовый маршрут: проверить точность ответа","ноутбук не видит телевизор hdmi"
"телевизор не видит ноутбук через hdmi кабель","Подключения и HDMI","/televizor-ne-vidit-noutbuk-cherez-hdmi/","есть базовый маршрут: проверить точность ответа","ноутбук не видит телевизор hdmi"
"телевизор не видит флешку","Каналы и файлы","/televizor-ne-vidit-fleshku/","есть базовый маршрут: проверить точность ответа","телевизор не видит флешку"
"телевизор не видит флешку 128 гб","Каналы и файлы","/televizor-ne-vidit-fleshku/","есть базовый маршрут: проверить точность ответа","телевизор не видит флешку"
"телевизор не видит флешку 64 гб","Каналы и файлы","/televizor-ne-vidit-fleshku/","есть базовый маршрут: проверить точность ответа","телевизор не видит флешку"
"телевизор не видит флешку 64 гб что делать","Каналы и файлы","/televizor-ne-vidit-fleshku/","есть базовый маршрут: проверить точность ответа","телевизор не видит флешку"
"телевизор не видит флешку а компьютер видит","Каналы и файлы","/televizor-ne-vidit-fleshku/","есть базовый маршрут: проверить точность ответа","телевизор не видит флешку"
"телевизор не видит флешку а компьютер видит что делать","Каналы и файлы","/televizor-ne-vidit-fleshku/","есть базовый маршрут: проверить точность ответа","телевизор не видит флешку"
"телевизор не видит флешку что делать","Каналы и файлы","/televizor-ne-vidit-fleshku/","есть базовый маршрут: проверить точность ответа","телевизор не видит флешку"
"телевизор не видит флешку exfat","Каналы и файлы","/televizor-ne-vidit-fleshku/","есть базовый маршрут: проверить точность ответа","телевизор не видит флешку"
"телевизор не видит флешку exfat что делать","Каналы и файлы","/televizor-ne-vidit-fleshku/","есть базовый маршрут: проверить точность ответа","телевизор не видит флешку"
"телевизор не видит флешку usb 3.0","Каналы и файлы","/televizor-ne-vidit-fleshku/","есть базовый маршрут: проверить точность ответа","телевизор не видит флешку"
"телевизор не видит wifi","Интернет и сеть","/televizor-ne-podklyuchaetsya-k-internetu/","есть базовый маршрут: проверить точность ответа","телевизор не видит wifi"
"телевизор не видит wifi 5ггц","Интернет и сеть","/televizor-ne-podklyuchaetsya-k-internetu/","есть базовый маршрут: проверить точность ответа","телевизор не видит wifi | телевизор не видит wifi 5 ггц"
"телевизор не включается","Диагностика и уход","/televizor-ne-vklyuchaetsya/","есть базовый маршрут: проверить точность ответа","телевизор не включается"
"телевизор не включается индикатор горит","Диагностика и уход","/televizor-ne-vklyuchaetsya/","есть базовый маршрут: проверить точность ответа","телевизор не включается"
"телевизор не включается индикатор горит красным","Диагностика и уход","/televizor-ne-vklyuchaetsya/","есть базовый маршрут: проверить точность ответа","телевизор не включается"
"телевизор не включается индикатор моргает красным причина","Диагностика и уход","/televizor-ne-vklyuchaetsya/","есть базовый маршрут: проверить точность ответа","телевизор не включается"
"телевизор не включается индикатор не горит","Диагностика и уход","/televizor-ne-vklyuchaetsya/","есть базовый маршрут: проверить точность ответа","телевизор не включается"
"телевизор не включается индикатор не горит что делать","Диагностика и уход","/televizor-ne-vklyuchaetsya/","есть базовый маршрут: проверить точность ответа","телевизор не включается"
"телевизор не включается причины","Диагностика и уход","/televizor-ne-vklyuchaetsya/","есть базовый маршрут: проверить точность ответа","телевизор не включается"
"телевизор не включается причины неисправности","Диагностика и уход","/televizor-ne-vklyuchaetsya/","есть базовый маршрут: проверить точность ответа","телевизор не включается"
"телевизор не включается с пульта","Диагностика и уход","/televizor-ne-vklyuchaetsya/","есть базовый маршрут: проверить точность ответа","телевизор не включается"
"телевизор не включается с пульта пульт исправен что делать","Диагностика и уход","/televizor-ne-vklyuchaetsya/","есть базовый маршрут: проверить точность ответа","телевизор не включается"
"телевизор не открывает видео с флешки","Каналы и файлы","/televizor-ne-vosproizvodit-video-s-fleshki/","есть базовый маршрут: проверить точность ответа","телевизор не читает видео"
"телевизор не подключается к wifi роутеру но видит сеть","Интернет и сеть","/televizor-ne-podklyuchaetsya-k-internetu/","есть базовый маршрут: проверить точность ответа","телевизор не видит wifi"
"телевизор не показывает первые 10 каналов","Каналы и файлы","/televizor-pokazyvaet-tolko-10-kanalov-iz-20/","есть базовый маршрут: проверить точность ответа","телевизор показывает 10 каналов"
"телевизор не читает видео с флешки","Каналы и файлы","/televizor-ne-vosproizvodit-video-s-fleshki/","есть базовый маршрут: проверить точность ответа","телевизор не читает видео"
"телевизор нет звука","Звук","/net-zvuka-na-televizore/","есть базовый маршрут: проверить точность ответа","телевизор нет звука"
"телевизор нет звука причина","Звук","/net-zvuka-na-televizore/","есть базовый маршрут: проверить точность ответа","телевизор нет звука"
"телевизор перезагружается","Диагностика и уход","/televizor-postoyanno-perezagruzhaetsya/","есть базовый маршрут: проверить точность ответа","телевизор перезагружается"
"телевизор перезагружается сам","Диагностика и уход","/televizor-postoyanno-perezagruzhaetsya/","есть базовый маршрут: проверить точность ответа","телевизор перезагружается"
"телевизор перезагружается сам по себе","Диагностика и уход","/televizor-postoyanno-perezagruzhaetsya/","есть базовый маршрут: проверить точность ответа","телевизор перезагружается"
"телевизор перезагружается сам по себе lg","Диагностика и уход","/televizor-postoyanno-perezagruzhaetsya/","нужна проверка модельного варианта","телевизор перезагружается"
"телевизор перезагружается сам по себе samsung","Диагностика и уход","/televizor-postoyanno-perezagruzhaetsya/","нужна проверка модельного варианта","телевизор перезагружается"
"телевизор подключен к вай фай но нет интернета","Интернет и сеть","/televizor-podklyuchen-k-wifi-no-net-interneta/","есть базовый маршрут: проверить точность ответа","телевизор подключен без интернета"
"телевизор подключен к вайфаю но нет интернета","Интернет и сеть","/televizor-podklyuchen-k-wifi-no-net-interneta/","есть базовый маршрут: проверить точность ответа","телевизор подключен без интернета"
"телевизор показывает 10 каналов вместо 20","Каналы и файлы","/televizor-pokazyvaet-tolko-10-kanalov-iz-20/","есть базовый маршрут: проверить точность ответа","телевизор показывает 10 каналов"
"телевизор показывает 10 каналов вместо 20 в чем причина","Каналы и файлы","/televizor-pokazyvaet-tolko-10-kanalov-iz-20/","есть базовый маршрут: проверить точность ответа","телевизор показывает 10 каналов"
"телевизор показывает 10 каналов вместо 20 как настроить","Каналы и файлы","/televizor-pokazyvaet-tolko-10-kanalov-iz-20/","есть базовый маршрут: проверить точность ответа","телевизор показывает 10 каналов"
"телевизор показывает только 10 каналов из 20 почему","Каналы и файлы","/televizor-pokazyvaet-tolko-10-kanalov-iz-20/","есть базовый маршрут: проверить точность ответа","телевизор показывает 10 каналов"
"телевизор постоянно перезагружается что делать","Диагностика и уход","/televizor-postoyanno-perezagruzhaetsya/","есть базовый маршрут: проверить точность ответа","телевизор перезагружается"
"телевизор с приставкой для цифрового телевидения нет звука","Звук","/net-zvuka-na-televizore/","есть базовый маршрут: проверить точность ответа","телевизор нет звука"
"телевизор самсунг звук есть а изображения нет черный экран","Диагностика и уход","/televizor-zvuk-est-izobrazheniya-net/","нужна проверка модельного варианта","телевизор черный экран звук есть"
"телевизор самсунг не видит сеть wifi","Интернет и сеть","/televizor-ne-podklyuchaetsya-k-internetu/","нужна проверка модельного варианта","телевизор не видит wifi"
"телевизор самсунг не видит сеть wifi 5 ггц","Интернет и сеть","/tv-ne-vidit-wifi-5ghz/","нужна проверка модельного варианта","телевизор не видит wifi 5 ггц"
"телевизор самсунг не включается с пульта но пульт работает","Язык и пульт","/ne-rabotaet-pult-ot-televizora/","нужна проверка модельного варианта","пульт телевизор не работает"
"телевизор самсунг не выключается с пульта но пульт работает","Язык и пульт","/ne-rabotaet-pult-ot-televizora/","нужна проверка модельного варианта","пульт телевизор не работает"
"телевизор самсунг не работает голосовое управление","Язык и пульт","/ne-rabotaet-golosovoy-poisk-na-televizore/","нужна проверка модельного варианта","голосовой поиск телевизор не работает"
"телевизор самсунг не работает пульт","Язык и пульт","/ne-rabotaet-pult-ot-televizora/","нужна проверка модельного варианта","пульт телевизор не работает"
"телевизор самсунг нет звука","Звук","/net-zvuka-na-televizore/","нужна проверка модельного варианта","телевизор нет звука"
"телевизор самсунг подключен к вай фай но нет интернета","Интернет и сеть","/televizor-podklyuchen-k-wifi-no-net-interneta/","нужна проверка модельного варианта","телевизор подключен без интернета"
"телевизор самсунг постоянно перезагружается","Диагностика и уход","/televizor-postoyanno-perezagruzhaetsya/","нужна проверка модельного варианта","телевизор перезагружается"
"телевизор самсунг теряет wifi соединение","Интернет и сеть","/televizor-teryaet-wifi/","нужна проверка модельного варианта","телевизор теряет wifi"
"телевизор самсунг теряет wifi соединение причины","Интернет и сеть","/televizor-teryaet-wifi/","нужна проверка модельного варианта","телевизор теряет wifi"
"телевизор самсунг тихий звук как исправить","Звук","/net-zvuka-na-televizore/","нужна проверка модельного варианта","телевизор тихий звук"
"телевизор самсунг черный экран но звук есть причина","Диагностика и уход","/televizor-zvuk-est-izobrazheniya-net/","нужна проверка модельного варианта","телевизор черный экран звук есть"
"телевизор сбер не работает пульт","Язык и пульт","/ne-rabotaet-pult-ot-televizora/","есть базовый маршрут: проверить точность ответа","пульт телевизор не работает"
"телевизор сбер перезагружается постоянно","Диагностика и уход","/televizor-postoyanno-perezagruzhaetsya/","есть базовый маршрут: проверить точность ответа","телевизор перезагружается"
"телевизор сбер постоянно перезагружается","Диагностика и уход","/televizor-postoyanno-perezagruzhaetsya/","есть базовый маршрут: проверить точность ответа","телевизор перезагружается"
"телевизор сбер тихий звук","Звук","/net-zvuka-na-televizore/","частичное покрытие: проверить самостоятельный интент","телевизор тихий звук"
"телевизор теряет wifi соединение","Интернет и сеть","/televizor-teryaet-wifi/","есть базовый маршрут: проверить точность ответа","телевизор теряет wifi"
"телевизор теряет wifi соединение причины","Интернет и сеть","/televizor-teryaet-wifi/","есть базовый маршрут: проверить точность ответа","телевизор теряет wifi"
"телевизор теряет wifi соединение что делать","Интернет и сеть","/televizor-teryaet-wifi/","есть базовый маршрут: проверить точность ответа","телевизор теряет wifi"
"телевизор тошиба звук есть а экран черный причина","Диагностика и уход","/televizor-zvuk-est-izobrazheniya-net/","есть базовый маршрут: проверить точность ответа","телевизор черный экран звук есть"
"телевизор хайер при включении черный экран но звук есть","Диагностика и уход","/televizor-zvuk-est-izobrazheniya-net/","есть базовый маршрут: проверить точность ответа","телевизор черный экран звук есть"
"телевизор хайер черный экран звук есть","Диагностика и уход","/televizor-zvuk-est-izobrazheniya-net/","есть базовый маршрут: проверить точность ответа","телевизор черный экран звук есть"
"телевизор черный экран звук есть","Диагностика и уход","/televizor-zvuk-est-izobrazheniya-net/","есть базовый маршрут: проверить точность ответа","телевизор черный экран звук есть"
"телевизор экран черный а звук есть причина","Диагностика и уход","/televizor-zvuk-est-izobrazheniya-net/","есть базовый маршрут: проверить точность ответа","телевизор черный экран звук есть"
"телевизор ясин не работает пульт","Язык и пульт","/ne-rabotaet-pult-ot-televizora/","есть базовый маршрут: проверить точность ответа","пульт телевизор не работает"
"телевизор haier не работает голосовой поиск","Язык и пульт","/ne-rabotaet-golosovoy-poisk-na-televizore/","нужна проверка модельного варианта","голосовой поиск телевизор не работает"
"телевизор haier не работает пульт","Язык и пульт","/ne-rabotaet-pult-ot-televizora/","нужна проверка модельного варианта","пульт телевизор не работает"
"телевизор haier теряет wifi","Интернет и сеть","/televizor-teryaet-wifi/","нужна проверка модельного варианта","телевизор теряет wifi"
"телевизор hartens не видит wifi","Интернет и сеть","/televizor-ne-podklyuchaetsya-k-internetu/","есть базовый маршрут: проверить точность ответа","телевизор не видит wifi"
"телевизор lg звук есть а изображения нет черный экран","Диагностика и уход","/televizor-zvuk-est-izobrazheniya-net/","нужна проверка модельного варианта","телевизор черный экран звук есть"
"телевизор lg не видит wifi","Интернет и сеть","/televizor-ne-podklyuchaetsya-k-internetu/","нужна проверка модельного варианта","телевизор не видит wifi"
"телевизор lg не видит wifi что делать","Интернет и сеть","/televizor-ne-podklyuchaetsya-k-internetu/","нужна проверка модельного варианта","телевизор не видит wifi"
"телевизор lg нет звука","Звук","/net-zvuka-na-televizore/","нужна проверка модельного варианта","телевизор нет звука"
"телевизор lg нет звука что делать","Звук","/net-zvuka-na-televizore/","нужна проверка модельного варианта","телевизор нет звука"
"телевизор lg теряет wifi соединение","Интернет и сеть","/televizor-teryaet-wifi/","нужна проверка модельного варианта","телевизор теряет wifi"
"телевизор lg теряет wifi соединение причины","Интернет и сеть","/televizor-teryaet-wifi/","нужна проверка модельного варианта","телевизор теряет wifi"
"телевизор oled или qled какой лучше","Выбор и покупка","/oled-ili-qled-chto-vybrat/","есть базовый маршрут: проверить точность ответа","телевизор oled qled"
"телевизор qled или oled какой лучше","Выбор и покупка","/oled-ili-qled-chto-vybrat/","есть базовый маршрут: проверить точность ответа","телевизор oled qled"
"телевизор tcl не работает голосовой поиск","Язык и пульт","/ne-rabotaet-golosovoy-poisk-na-televizore/","нужна проверка модельного варианта","голосовой поиск телевизор не работает"
"телевизор tcl нет звука","Звук","/net-zvuka-na-televizore/","нужна проверка модельного варианта","телевизор нет звука"
"телевизор tcl перезагружается сам по себе","Диагностика и уход","/televizor-postoyanno-perezagruzhaetsya/","нужна проверка модельного варианта","телевизор перезагружается"
"темный экран телевизора звук есть причины","Диагностика и уход","/temnyy-ekran-na-televizore/","есть базовый маршрут: проверить точность ответа","экран телевизора темный"
"темный экран телевизора что делать","Диагностика и уход","/temnyy-ekran-na-televizore/","есть базовый маршрут: проверить точность ответа","экран телевизора темный"
"тест для телевизора на битые пиксели скачать на флешку","Выбор и покупка","/proverka-televizora-na-bitye-pikseli/","есть базовый маршрут: проверить точность ответа","битые пиксели телевизор"
"тест телевизора на битые пиксели","Выбор и покупка","/proverka-televizora-na-bitye-pikseli/","есть базовый маршрут: проверить точность ответа","битые пиксели телевизор"
"у телевизора стал темный экран","Диагностика и уход","/temnyy-ekran-na-televizore/","есть базовый маршрут: проверить точность ответа","экран телевизора темный"
"у телевизора темный экран","Диагностика и уход","/temnyy-ekran-na-televizore/","есть базовый маршрут: проверить точность ответа","экран телевизора темный"
"у телевизора темный экран а звук есть","Диагностика и уход","/temnyy-ekran-na-televizore/","есть базовый маршрут: проверить точность ответа","экран телевизора темный"
"удлинитель антенного кабеля для телевизора","ТВ-зона, питание и подсветка","/udlinitel-dlya-televizora-kak-vybrat/","есть базовый маршрут: проверить точность ответа","удлинитель для телевизора"
"удлинитель антенного кабеля для телевизора купить","ТВ-зона, питание и подсветка","/udlinitel-dlya-televizora-kak-vybrat/","есть базовый маршрут: проверить точность ответа","удлинитель для телевизора"
"удлинитель для антенны телевизора","ТВ-зона, питание и подсветка","/udlinitel-dlya-televizora-kak-vybrat/","есть базовый маршрут: проверить точность ответа","удлинитель для телевизора"
"удлинитель для комнатной антенны телевизора","ТВ-зона, питание и подсветка","/udlinitel-dlya-televizora-kak-vybrat/","есть базовый маршрут: проверить точность ответа","удлинитель для телевизора"
"удлинитель для наушников для телевизора","ТВ-зона, питание и подсветка","/udlinitel-dlya-televizora-kak-vybrat/","есть базовый маршрут: проверить точность ответа","удлинитель для телевизора"
"удлинитель для телевизора","ТВ-зона, питание и подсветка","/udlinitel-dlya-televizora-kak-vybrat/","есть базовый маршрут: проверить точность ответа","удлинитель для телевизора"
"удлинитель для телевизора в розетку","ТВ-зона, питание и подсветка","/udlinitel-dlya-televizora-kak-vybrat/","есть базовый маршрут: проверить точность ответа","удлинитель для телевизора"
"удлинитель для телевизора какой нужен","ТВ-зона, питание и подсветка","/udlinitel-dlya-televizora-kak-vybrat/","есть базовый маршрут: проверить точность ответа","удлинитель для телевизора"
"удлинитель для телевизора на стене","ТВ-зона, питание и подсветка","/udlinitel-dlya-televizora-kak-vybrat/","есть базовый маршрут: проверить точность ответа","удлинитель для телевизора"
"формат видео для телевизора с флешки","Каналы и файлы","/kakoy-format-fleshki-nuzhen-dlya-televizora/","есть базовый маршрут: проверить точность ответа","формат флешки телевизор"
"формат флешки для телевизора","Каналы и файлы","/kakoy-format-fleshki-nuzhen-dlya-televizora/","есть базовый маршрут: проверить точность ответа","формат флешки телевизор"
"чем отличается телевизор oled от qled","Выбор и покупка","/oled-ili-qled-chto-vybrat/","есть базовый маршрут: проверить точность ответа","телевизор oled qled"
"чем протирать телевизор","Диагностика и уход","/chem-protirat-ekran-televizora/","есть базовый маршрут: проверить точность ответа","чем протирать телевизор"
"чем протирать телевизор жк","Диагностика и уход","/chem-protirat-ekran-televizora/","есть базовый маршрут: проверить точность ответа","чем протирать телевизор"
"чем протирать телевизор от пыли","Диагностика и уход","/chem-protirat-ekran-televizora/","есть базовый маршрут: проверить точность ответа","чем протирать телевизор"
"чем протирать телевизор плазму","Диагностика и уход","/chem-protirat-ekran-televizora/","есть базовый маршрут: проверить точность ответа","чем протирать телевизор"
"чем протирать телевизор плазму без разводов","Диагностика и уход","/chem-protirat-ekran-televizora/","есть базовый маршрут: проверить точность ответа","чем протирать телевизор"
"чем протирать телевизор плазму без разводов в домашних","Диагностика и уход","/chem-protirat-ekran-televizora/","есть базовый маршрут: проверить точность ответа","чем протирать телевизор"
"чем протирать телевизор плазму без разводов в домашних условиях","Диагностика и уход","/chem-protirat-ekran-televizora/","есть базовый маршрут: проверить точность ответа","чем протирать телевизор"
"чем протирать телевизор плазму без разводов в домашних условиях народными средствами","Диагностика и уход","/chem-protirat-ekran-televizora/","есть базовый маршрут: проверить точность ответа","чем протирать телевизор"
"чем протирать телевизор чтобы не было разводов","Диагностика и уход","/chem-protirat-ekran-televizora/","есть базовый маршрут: проверить точность ответа","чем протирать телевизор"
"чем протирать телевизор экран","Диагностика и уход","/chem-protirat-ekran-televizora/","есть базовый маршрут: проверить точность ответа","чем протирать телевизор"
"что делать если телевизор не видит ноутбук через hdmi","Подключения и HDMI","/televizor-ne-vidit-noutbuk-cherez-hdmi/","есть базовый маршрут: проверить точность ответа","ноутбук не видит телевизор hdmi"
"что лучше qled или oled телевизор","Выбор и покупка","/oled-ili-qled-chto-vybrat/","есть базовый маршрут: проверить точность ответа","телевизор oled qled"
"что такое cam модуль в телевизоре","Каналы и файлы","/cam-modul-dlya-televizora/","есть базовый маршрут: проверить точность ответа","cam модуль телевизор"
"что такое cam модуль для телевизора","Каналы и файлы","/cam-modul-dlya-televizora/","есть базовый маршрут: проверить точность ответа","cam модуль телевизор"
"экран телевизора тёмный но звук есть","Диагностика и уход","/temnyy-ekran-na-televizore/","есть базовый маршрут: проверить точность ответа","экран телевизора темный"
"airplay не работает на телевизоре самсунг","Подключения и HDMI","/ne-rabotaet-airplay-na-televizore/","нужна проверка модельного варианта","airplay не работает телевизор"
"airplay не работает на телевизоре lg","Подключения и HDMI","/ne-rabotaet-airplay-na-televizore/","нужна проверка модельного варианта","airplay не работает телевизор"
"cam модуль для телевизора","Каналы и файлы","/cam-modul-dlya-televizora/","есть базовый маршрут: проверить точность ответа","cam модуль телевизор"
"cam модуль для телевизора купить","Каналы и файлы","/cam-modul-dlya-televizora/","есть базовый маршрут: проверить точность ответа","cam модуль телевизор"
"cam модуль для телевизора мтс","Каналы и файлы","/cam-modul-dlya-televizora/","есть базовый маршрут: проверить точность ответа","cam модуль телевизор"
"cam модуль для телевизора триколор","Каналы и файлы","/cam-modul-dlya-televizora/","есть базовый маршрут: проверить точность ответа","cam модуль телевизор"
"cam модуль для телевизора что это","Каналы и файлы","/cam-modul-dlya-televizora/","есть базовый маршрут: проверить точность ответа","cam модуль телевизор"
"cam модуль дом ру для телевизора","Каналы и файлы","/cam-modul-dlya-televizora/","есть базовый маршрут: проверить точность ответа","cam модуль телевизор"
"hdmi кабель для телевизора","Подключения и HDMI","/kakoy-hdmi-kabel-nuzhen/","есть базовый маршрут: проверить точность ответа","hdmi кабель для телевизора"
"hdmi кабель для телевизора и компьютера","Подключения и HDMI","/kakoy-hdmi-kabel-nuzhen/","есть базовый маршрут: проверить точность ответа","hdmi кабель для телевизора"
"hdmi кабель для телевизора и ноутбука","Подключения и HDMI","/kakoy-hdmi-kabel-nuzhen/","есть базовый маршрут: проверить точность ответа","hdmi кабель для телевизора"
"hdmi кабель для телевизора и приставки","Подключения и HDMI","/kakoy-hdmi-kabel-nuzhen/","есть базовый маршрут: проверить точность ответа","hdmi кабель для телевизора"
"hdmi кабель для телевизора и приставки купить","Подключения и HDMI","/kakoy-hdmi-kabel-nuzhen/","есть базовый маршрут: проверить точность ответа","hdmi кабель для телевизора"
"hdmi кабель для телевизора и приставки триколор","Подключения и HDMI","/kakoy-hdmi-kabel-nuzhen/","есть базовый маршрут: проверить точность ответа","hdmi кабель для телевизора"
"hdmi кабель для телевизора и приставки что это","Подключения и HDMI","/kakoy-hdmi-kabel-nuzhen/","есть базовый маршрут: проверить точность ответа","hdmi кабель для телевизора"
"hdmi кабель для телевизора и телефона","Подключения и HDMI","/kakoy-hdmi-kabel-nuzhen/","есть базовый маршрут: проверить точность ответа","hdmi кабель для телевизора"
"hdmi кабель для телевизора купить","Подключения и HDMI","/kakoy-hdmi-kabel-nuzhen/","есть базовый маршрут: проверить точность ответа","hdmi кабель для телевизора"
"hdmi кабель для телевизора что это","Подключения и HDMI","/kakoy-hdmi-kabel-nuzhen/","есть базовый маршрут: проверить точность ответа","hdmi кабель для телевизора"
"led и qled oled телевизор в чем разница","Выбор и покупка","/oled-ili-qled-chto-vybrat/","есть базовый маршрут: проверить точность ответа","телевизор oled qled"
"miracast как подключить компьютер к телевизору","Подключения и HDMI","/kak-podklyuchit-telefon-k-televizoru/","частичное покрытие: проверить самостоятельный интент","miracast телевизор"
"miracast как подключить телефон к телевизору","Подключения и HDMI","/kak-podklyuchit-telefon-k-televizoru/","частичное покрытие: проверить самостоятельный интент","miracast телевизор"
"miracast с ноутбука на телевизор","Подключения и HDMI","/kak-podklyuchit-telefon-k-televizoru/","частичное покрытие: проверить самостоятельный интент","miracast телевизор"
"miracast с ноутбука на телевизор windows 11","Подключения и HDMI","/kak-podklyuchit-telefon-k-televizoru/","частичное покрытие: проверить самостоятельный интент","miracast телевизор"
"miracast с телефона на телевизор","Подключения и HDMI","/kak-podklyuchit-telefon-k-televizoru/","частичное покрытие: проверить самостоятельный интент","miracast телевизор"
"miracast скачать на телевизор","Подключения и HDMI","/kak-podklyuchit-telefon-k-televizoru/","частичное покрытие: проверить самостоятельный интент","miracast телевизор"
"miracast телевизор","Подключения и HDMI","/kak-podklyuchit-telefon-k-televizoru/","частичное покрытие: проверить самостоятельный интент","miracast телевизор"
"miracast что это в телевизоре","Подключения и HDMI","/kak-podklyuchit-telefon-k-televizoru/","частичное покрытие: проверить самостоятельный интент","miracast телевизор"
"mxq pro 4k приставка для телевизора как настроить","Игры и изображение","/kak-vklyuchit-4k-na-televizore/","есть базовый маршрут: проверить точность ответа","как включить 4k телевизор"
"oled или qled что лучше телевизор","Выбор и покупка","/oled-ili-qled-chto-vybrat/","есть базовый маршрут: проверить точность ответа","телевизор oled qled"
"qled и oled в чем разница телевизор","Выбор и покупка","/oled-ili-qled-chto-vybrat/","есть базовый маршрут: проверить точность ответа","телевизор oled qled"
"ups для телевизора","ТВ-зона, питание и подсветка","/bespereboynik-dlya-televizora-nuzhen-li/","есть базовый маршрут: проверить точность ответа","ибп для телевизора"
"usb адаптер wifi для телевизора","Интернет и сеть","/usb-wifi-adapter-dlya-televizora/","есть базовый маршрут: проверить точность ответа","usb wifi адаптер для телевизора"
"usb адаптер wifi для телевизора самсунг","Интернет и сеть","/usb-wifi-adapter-dlya-televizora/","нужна проверка модельного варианта","usb wifi адаптер для телевизора"
"usb wifi адаптер для телевизора","Интернет и сеть","/usb-wifi-adapter-dlya-televizora/","есть базовый маршрут: проверить точность ответа","usb wifi адаптер для телевизора"
"usb wifi адаптер для телевизора lg","Интернет и сеть","/usb-wifi-adapter-dlya-televizora/","нужна проверка модельного варианта","usb wifi адаптер для телевизора"
"usb wifi адаптер для телевизора samsung","Интернет и сеть","/usb-wifi-adapter-dlya-televizora/","нужна проверка модельного варианта","usb wifi адаптер для телевизора"
"usb wifi адаптер для телевизора samsung smart tv","Интернет и сеть","/usb-wifi-adapter-dlya-televizora/","нужна проверка модельного варианта","usb wifi адаптер для телевизора"
"vesa 200x200 кронштейн","Монтаж и крепления","/vesa/200x200/","есть базовый маршрут: проверить точность ответа","кронштейн vesa 200x200"
"vesa 200x200 кронштейн для телевизора","Монтаж и крепления","/vesa/200x200/","есть базовый маршрут: проверить точность ответа","кронштейн vesa 200x200"
"vesa 200x200 кронштейн для телевизора 43 дюйма","Монтаж и крепления","/vesa/200x200/","есть базовый маршрут: проверить точность ответа","кронштейн vesa 200x200"
"vesa 200x200 кронштейн для телевизора купить","Монтаж и крепления","/vesa/200x200/","есть базовый маршрут: проверить точность ответа","кронштейн vesa 200x200"
"vesa 300x200 кронштейн","Монтаж и крепления","/vesa/300x200/","есть базовый маршрут: проверить точность ответа","кронштейн vesa 300x200"
"vesa 300x200 кронштейн для oled","Монтаж и крепления","/vesa/300x200/","есть базовый маршрут: проверить точность ответа","кронштейн vesa 300x200"
"vesa 300x200 кронштейн для oled lg","Монтаж и крепления","/vesa/300x200/","нужна проверка модельного варианта","кронштейн vesa 300x200"
"wi fi адаптер для телевизора","Интернет и сеть","/usb-wifi-adapter-dlya-televizora/","есть базовый маршрут: проверить точность ответа","usb wifi адаптер для телевизора"
"wi fi адаптер для телевизора lg","Интернет и сеть","/usb-wifi-adapter-dlya-televizora/","нужна проверка модельного варианта","usb wifi адаптер для телевизора"
"wi fi адаптер для телевизора samsung smart tv","Интернет и сеть","/usb-wifi-adapter-dlya-televizora/","нужна проверка модельного варианта","usb wifi адаптер для телевизора"
"wifi usb адаптер для телевизора","Интернет и сеть","/usb-wifi-adapter-dlya-televizora/","есть базовый маршрут: проверить точность ответа","usb wifi адаптер для телевизора"
